7,0,0,0,0,0,0,0,0,0,0,0,0,0,0,0,0,0,0,0,0,0,0,0,0,0,0,0,1061,1068,1066,1085,1103,0,0,0,0,0,0,0,0,0,0,1149,0,1135,1122,1119,1119,1147,1182,1174,0,0,0,0,0,0,0,0,0,0,0,1008,1013,1032,1036,0,0,0,0,0,0,0,0,0,0,0,0,0,0,0,0,0,0,0,0,0,0,0,0,0,0,0,0,0,0,0,0,0,0,0,0,0,0,0,0,0,0,0,0,0,0,0,0,0,0,0,0,0,0,0,0,0,0,0,0,0,1107,0,1080,1074,1052,0,1065,1069,1056,0,1061,1059,1063,0,1064,1103,1107,0,1162,0,0,0,0,0,0,0,0,0,0,0,0,0,0,0,0,0,0,0,0,0,0,0,0,0,0,0,0,0,0,0,0,0,0,0,0,0,0,0,0,0,0,0,0,0,0,0,0,0,0,0,0,0,0,0,0,0,0,0,0,0,0,0,0,0,0,0,0,0,0,0,0,0,0,0,0,1149,1147,1144,0,1150,1164,1172,0,0,0,0,0,0,0,0,1129,1119,0,1106,1102,1105,1120,1125,0,0,0,0,0,0,0,0,0,0,0,0,0,0,0,0,0,0,0,0,0,0,0,0,0,0,0
7,0,1,0,0,0,0,0,0,0,0,0,0,0,0,0,0,0,0,0,0,0,0,0,0,0,0,0,1061,1068,1066,1085,1103,0,0,0,0,0,0,0,0,0,0,1149,0,1135,1122,1119,1119,1147,1182,1174,0,0,0,0,0,0,0,0,0,0,0,1008,1013,1032,1036,0,0,0,0,0,0,0,0,0,0,0,0,0,0,0,0,0,0,0,0,0,0,0,0,0,0,0,0,0,0,0,0,0,0,0,0,0,0,0,0,0,0,0,0,0,0,0,0,0,0,0,0,0,0,0,0,0,0,0,0,0,1107,0,1080,1074,1052,0,1065,1069,1056,0,1061,1059,1063,0,1064,1103,1107,0,1162,0,0,0,0,0,0,0,0,0,0,0,0,0,0,0,0,0,0,0,0,0,0,0,0,0,0,0,0,0,0,0,0,0,0,0,0,0,0,0,0,0,0,0,0,0,0,0,0,0,0,0,0,0,0,0,0,0,0,0,0,0,0,0,0,0,0,0,0,0,0,0,0,0,0,0,0,1149,1147,1144,0,1150,1164,1172,0,0,0,0,0,0,0,0,1129,1119,0,1106,1102,1105,1120,1125,0,0,0,0,0,0,0,0,0,0,0,0,0,0,0,0,0,0,0,0,0,0,0,0,0,0,0
7,0,2,0,0,0,0,0,0,0,0,0,0,0,0,0,0,0,0,0,0,0,0,0,0,0,0,0,0,0,0,0,0,0,0,0,0,0,0,0,0,0,0,0,0,0,0,0,0,0,0,0,0,0,0,0,0,0,0,0,0,0,0,0,0,0,0,0,0,0,0,0,912,913,913,910,914,919,923,931,938,940,943,947,953,964,0,0,0,0,0,0,0,0,0,0,0,0,0,0,0,0,0,0,0,0,0,0,0,0,0,0,0,0,0,0,0,0,0,0,0,0,0,0,0,0,0,0,0,0,0,0,0,0,0,0,0,912,896,907,852,0,0,0,0,0,0,0,0,0,0,833,819,798,792,793,794,798,803,819,849,907,935,0,0,0,0,0,0,0,0,0,0,0,0,0,0,0,0,0,0,0,0,0,0,0,0,0,0,0,0,0,0,0,0,0,0,0,0,0,0,0,0,0,0,0,0,0,0,0,0,0,0,0,0,0,0,0,0,0,0,0,0,0,0,0,0,0,0,0,0,0,0,0,0,0,0,0,0,0,0,0,0,0,0,0,0,0,0,0,0,0,0,0,0,0,0,0,0,0,0,0,0,0,0,0,0,0,0,0,0,0,0
7,0,3,0,0,1771,0,0,0,0,0,0,0,0,0,0,0,0,0,0,0,0,0,0,0,0,0,0,0,0,0,0,0,0,0,0,0,0,0,0,0,0,0,0,0,0,0,0,0,0,0,0,0,0,0,0,0,0,0,0,0,0,936,928,905,893,891,890,904,924,933,0,0,0,0,0,0,0,0,0,0,0,0,0,0,941,1738,0,0,0,0,0,0,0,0,0,0,0,0,0,0,0,0,0,0,0,0,0,0,0,0,0,0,0,0,0,0,0,0,0,0,0,0,0,0,0,0,0,0,0,0,0,0,0,0,0,0,912,896,907,852,0,0,0,0,0,0,0,0,0,0,833,819,798,792,793,794,798,803,819,849,907,935,0,0,0,0,0,0,0,0,0,0,0,0,0,0,0,0,0,0,0,0,0,0,0,0,0,0,0,0,0,0,0,0,0,0,0,0,0,0,0,0,0,0,0,0,0,0,0,0,0,0,0,0,0,0,0,0,0,0,0,0,0,0,0,0,0,0,0,0,0,0,0,0,0,0,0,0,0,0,0,0,0,0,0,0,0,0,0,0,0,0,0,0,0,0,0,0,0,0,0,0,0,0,0,0,0,0,0,0,0,0
7,0,4,0,0,0,1743,0,0,0,0,0,0,0,0,0,0,0,0,0,0,0,0,0,0,0,0,0,0,0,0,0,0,0,0,0,0,0,0,0,0,0,0,0,0,0,0,0,0,0,0,0,0,0,0,0,0,0,0,0,0,0,0,0,913,902,901,897,885,881,875,873,871,871,872,867,873,878,881,889,899,914,900,906,0,922,1462,0,0,0,0,0,0,0,0,0,0,0,0,0,0,0,0,0,0,0,0,0,0,0,0,0,0,0,0,0,0,0,0,0,0,0,0,0,0,0,0,0,0,0,0,0,0,0,0,0,0,0,0,873,879,0,0,0,0,0,0,0,0,0,0,850,811,796,777,775,773,778,778,784,783,793,805,844,911,919,0,0,0,0,0,0,0,0,0,1473,0,0,0,0,0,0,0,0,0,0,0,0,0,0,0,0,0,0,0,0,0,0,0,0,0,0,0,0,0,0,0,0,0,0,0,0,0,0,0,0,0,0,0,0,0,0,0,0,0,0,0,0,0,0,0,0,0,0,0,0,0,0,0,0,0,0,1433,857,839,846,835,821,832,856,852,857,824,813,802,802,0,808,830,841,840,851,856,0,0,852,1548,0,0,0,0,0,0
7,0,5,0,0,0,0,0,0,0,0,0,0,0,0,0,0,0,0,0,0,0,0,0,0,0,0,0,0,0,0,0,0,0,0,0,0,0,0,0,0,0,0,0,0,0,0,0,0,0,0,0,0,0,0,0,0,0,0,0,0,0,0,0,0,888,0,882,885,872,0,862,860,856,856,0,858,855,863,0,866,872,880,893,0,1450,0,0,0,0,0,0,0,0,0,0,0,0,0,0,0,0,0,0,0,0,0,0,0,0,0,0,0,0,0,0,0,0,0,0,0,0,0,0,0,0,0,0,0,0,0,0,0,0,0,0,0,0,0,0,0,0,0,0,0,0,0,849,0,852,0,854,819,0,785,776,759,758,755,0,755,758,761,764,768,767,0,767,783,791,825,844,902,0,0,910,1467,0,0,0,0,0,0,0,0,0,0,0,0,0,0,0,0,0,0,0,0,0,0,0,0,0,0,0,0,0,0,0,0,0,0,0,0,0,0,0,0,0,0,0,0,0,0,0,0,0,0,0,0,0,0,0,0,0,0,0,0,0,0,0,0,0,0,0,0,847,0,830,824,823,821,0,823,813,799,0,799,804,819,828,840,0,843,852,0,855,0,0,0,0,0,0,0
7,0,6,0,0,0,0,0,0,0,0,0,0,0,0,0,0,0,0,0,0,0,0,0,0,0,0,0,0,0,0,0,0,0,0,0,0,0,0,0,0,0,0,0,0,0,0,0,0,0,0,0,0,0,0,0,0,0,0,0,0,0,0,0,0,888,0,882,885,872,0,862,860,856,856,0,858,855,863,0,866,872,880,893,0,1450,0,0,0,0,0,0,0,0,0,0,0,0,0,0,0,0,0,0,0,0,0,0,0,0,0,0,0,0,0,0,0,0,0,0,0,0,0,0,0,0,0,0,0,0,0,0,0,0,0,0,0,0,0,0,0,0,0,0,0,0,0,849,0,852,0,854,819,0,785,776,759,758,755,0,755,758,761,764,768,767,0,767,783,791,825,844,902,0,0,910,1467,0,0,0,0,0,0,0,0,0,0,0,0,0,0,0,0,0,0,0,0,0,0,0,0,0,0,0,0,0,0,0,0,0,0,0,0,0,0,0,0,0,0,0,0,0,0,0,0,0,0,0,0,0,0,0,0,0,0,0,0,0,0,0,0,0,0,0,0,847,0,830,824,823,821,0,823,813,799,0,799,804,819,828,840,0,843,852,0,855,0,0,0,0,0,0,0
7,0,7,0,0,0,0,0,0,0,0,0,0,0,0,0,0,0,0,0,0,0,0,0,0,0,0,0,0,0,0,0,0,0,0,0,0,0,0,0,0,0,0,0,0,0,0,0,0,0,0,0,0,0,0,0,0,0,0,0,0,0,0,0,0,876,868,868,873,863,853,847,850,844,840,843,849,843,837,850,857,857,856,868,884,885,1443,0,0,0,0,0,0,0,0,0,0,0,0,0,0,0,0,0,0,0,0,0,0,0,0,0,0,0,0,0,0,0,0,0,0,0,0,0,0,0,0,0,0,0,0,0,0,0,0,0,0,0,0,0,0,0,0,0,0,0,0,0,841,840,0,849,830,791,777,765,747,746,749,742,740,745,751,750,753,752,759,756,759,766,776,784,819,852,892,900,1637,0,0,0,0,0,0,0,0,0,0,0,0,0,0,0,0,0,0,0,0,0,0,0,0,0,0,0,0,0,0,0,0,0,0,0,0,0,0,0,0,0,0,0,0,0,0,0,0,0,0,0,0,0,0,0,0,0,0,0,0,0,0,0,0,0,0,0,0,845,831,813,817,814,813,817,815,806,798,794,790,792,794,807,818,828,829,836,842,848,1419,0,0,0,0,0,0
7,0,8,0,0,0,0,0,0,0,0,0,0,0,0,0,0,0,0,0,0,0,0,0,0,0,0,0,0,0,0,0,0,0,0,0,0,0,0,0,0,0,0,0,0,0,0,0,0,0,0,0,0,0,0,0,0,0,0,0,0,0,0,0,0,862,858,0,854,854,843,0,834,833,831,0,832,835,0,829,839,844,0,849,857,869,0,0,0,0,0,0,0,0,0,0,0,0,0,0,0,0,0,0,0,0,0,0,0,0,0,0,0,0,0,0,0,0,0,0,0,0,0,0,0,0,0,0,0,0,0,0,0,0,0,0,0,0,0,0,0,0,0,0,0,0,0,0,833,823,828,838,820,0,766,757,740,0,735,732,733,0,736,739,743,0,747,747,748,0,759,769,806,0,831,886,896,0,0,0,0,0,0,0,0,0,0,0,0,0,0,0,0,0,0,0,0,0,0,0,0,0,0,0,0,0,0,0,0,0,0,0,0,0,0,0,0,0,0,0,0,0,0,0,0,0,0,0,0,0,0,0,0,0,0,0,0,0,0,0,0,0,0,0,0,843,822,0,796,806,0,806,805,801,0,787,782,782,0,789,811,817,0,825,836,0,1423,0,0,0,0,0,0
7,0,9,0,0,0,0,0,0,0,0,0,0,0,0,0,0,0,0,0,0,0,0,0,0,0,0,0,0,0,0,0,0,0,0,0,0,0,0,0,0,0,0,0,0,0,0,0,0,0,0,0,0,0,0,0,0,0,0,0,0,0,0,0,0,862,858,0,854,854,843,0,834,833,831,0,832,835,0,829,839,844,0,849,857,869,0,0,0,0,0,0,0,0,0,0,0,0,0,0,0,0,0,0,0,0,0,0,0,0,0,0,0,0,0,0,0,0,0,0,0,0,0,0,0,0,0,0,0,0,0,0,0,0,0,0,0,0,0,0,0,0,0,0,0,0,0,0,833,823,828,838,820,0,766,757,740,0,735,732,733,0,736,739,743,0,747,747,748,0,759,769,806,0,831,886,896,0,0,0,0,0,0,0,0,0,0,0,0,0,0,0,0,0,0,0,0,0,0,0,0,0,0,0,0,0,0,0,0,0,0,0,0,0,0,0,0,0,0,0,0,0,0,0,0,0,0,0,0,0,0,0,0,0,0,0,0,0,0,0,0,0,0,0,0,843,822,0,796,806,0,806,805,801,0,787,782,782,0,789,811,817,0,825,836,0,1423,0,0,0,0,0,0
7,0,10,0,0,0,0,0,0,0,0,0,0,0,0,0,0,0,0,0,0,0,0,0,0,0,0,0,0,0,0,0,0,0,0,0,0,0,0,0,0,0,0,0,0,0,0,0,0,0,0,0,0,0,0,0,0,0,0,0,0,0,0,0,0,849,843,848,842,841,0,831,823,822,825,821,823,823,829,821,829,832,839,840,848,0,1430,0,0,0,0,0,0,0,0,0,0,0,0,0,0,0,0,0,0,0,0,0,0,0,0,0,0,0,0,0,0,0,0,0,0,0,0,0,0,0,0,0,0,0,0,0,0,0,0,0,0,0,0,0,0,0,0,0,0,0,0,0,824,0,819,823,829,794,762,751,747,733,728,724,727,725,728,729,734,735,738,739,741,741,751,758,764,787,826,879,1441,0,0,0,0,0,0,0,0,0,0,0,0,0,0,0,0,0,0,0,0,0,0,0,0,0,0,0,0,0,0,0,0,0,0,0,0,0,0,0,0,0,0,0,0,0,0,0,0,0,0,0,0,0,0,0,0,0,0,0,0,0,0,0,0,0,0,0,0,834,816,0,786,799,0,797,799,794,0,782,776,776,0,783,805,811,802,736,732,0,1375,0,0,0,0,0,0
7,0,11,0,0,0,0,0,0,0,0,0,0,0,0,0,0,0,0,0,0,0,0,0,0,0,0,0,0,0,0,0,0,0,0,0,0,0,0,0,0,0,0,0,0,0,0,0,0,0,0,0,0,0,0,0,0,0,0,0,0,0,0,0,0,844,839,841,835,834,825,826,817,816,815,817,815,817,821,815,823,824,831,832,839,847,1618,0,0,0,0,0,0,0,0,0,0,0,0,0,0,0,0,0,0,0,0,0,0,0,0,0,0,0,0,0,0,0,0,0,0,0,0,0,0,0,0,0,0,0,0,0,0,0,0,0,0,0,0,0,0,0,0,0,0,0,0,0,0,816,813,822,813,802,760,748,738,727,723,720,717,719,722,724,725,728,734,734,733,735,742,750,755,780,810,848,1624,0,0,0,0,0,0,0,0,0,0,0,0,0,0,0,0,0,0,0,0,0,0,0,0,0,0,0,0,0,0,0,0,0,0,0,0,0,0,0,0,0,0,0,0,0,0,0,0,0,0,0,0,0,0,0,0,0,0,0,0,0,0,0,0,0,0,0,0,0,822,789,792,796,796,794,0,785,784,770,771,772,778,0,783,792,718,718,722,735,0,1378,0,0,0,0,0
7,0,12,0,0,0,0,0,0,0,0,0,0,0,0,0,0,0,0,0,0,0,0,0,0,0,0,0,0,0,0,0,0,0,0,0,0,0,0,0,0,0,0,0,0,0,0,0,0,0,0,0,0,0,0,0,0,0,0,0,0,0,0,0,0,844,839,841,835,834,825,826,817,816,815,817,815,817,821,815,823,824,831,832,839,847,1618,0,0,0,0,0,0,0,0,0,0,0,0,0,0,0,0,0,0,0,0,0,0,0,0,0,0,0,0,0,0,0,0,0,0,0,0,0,0,0,0,0,0,0,0,0,0,0,0,0,0,0,0,0,0,0,0,0,0,0,0,0,0,809,812,0,819,776,0,745,732,720,0,718,715,717,0,720,722,726,0,729,730,734,0,746,752,795,0,832,1435,0,0,0,0,0,0,0,0,0,0,0,0,0,0,0,0,0,0,0,0,0,0,0,0,0,0,0,0,0,0,0,0,0,0,0,0,0,0,0,0,0,0,0,0,0,0,0,0,0,0,0,0,0,0,0,0,0,0,0,0,0,0,0,0,0,0,0,0,823,803,0,779,789,791,0,798,785,0,773,770,770,0,777,797,0,741,721,727,0,1370,0,0,0,0,0,0
7,0,13,0,0,0,0,0,0,0,0,0,0,0,0,0,0,0,0,0,0,0,0,0,0,0,0,0,0,0,0,0,0,0,0,0,0,0,0,0,0,0,0,0,0,0,0,0,0,0,0,0,0,0,0,0,0,0,0,0,0,0,0,0,0,0,837,834,830,0,825,817,813,0,810,810,0,813,812,815,0,817,825,830,0,840,850,0,0,0,0,0,0,0,0,0,0,0,0,0,0,0,0,0,0,0,0,0,0,0,0,0,0,0,0,0,0,0,0,0,0,0,0,0,0,0,0,0,0,0,0,0,0,0,0,0,0,0,0,0,0,0,0,0,0,0,0,0,0,809,812,0,819,776,0,745,732,720,0,718,715,717,0,720,722,726,0,729,730,734,0,746,752,795,0,832,1435,0,0,0,0,0,0,0,0,0,0,0,0,0,0,0,0,0,0,0,0,0,0,0,0,0,0,0,0,0,0,0,0,0,0,0,0,0,0,0,0,0,0,0,0,0,0,0,0,0,0,0,0,0,0,0,0,0,0,0,0,0,0,0,0,0,0,0,0,823,803,0,779,789,791,0,798,785,0,773,770,770,0,777,797,0,741,721,727,0,1370,0,0,0,0,0,0
7,0,14,0,0,0,0,0,0,0,0,0,0,0,0,0,0,0,0,0,0,0,0,0,0,0,0,0,0,0,0,0,0,0,0,0,0,0,0,0,0,0,0,0,0,0,0,0,0,0,0,0,0,0,0,0,0,0,0,0,0,0,0,830,825,832,825,820,827,816,803,806,809,801,798,805,803,802,803,808,807,815,816,823,828,834,1230,0,0,0,0,0,0,0,0,0,0,0,0,0,0,0,0,0,0,0,0,0,0,0,0,0,0,0,0,0,0,0,0,0,0,0,0,0,0,0,0,0,0,0,0,0,0,0,0,0,0,0,0,0,0,0,0,0,0,0,0,0,804,802,807,818,774,736,743,727,709,711,712,707,704,709,714,713,713,718,724,721,721,730,740,743,776,790,805,860,1245,0,0,0,0,0,0,0,0,0,0,0,0,0,0,0,0,0,0,0,0,0,0,0,0,0,0,0,0,0,0,0,0,0,0,0,0,0,0,0,0,0,0,0,0,0,0,0,0,0,0,0,0,0,0,0,0,0,0,0,0,0,0,0,0,0,0,0,810,785,782,772,779,777,786,787,774,767,776,763,759,766,770,785,722,749,715,718,723,733,1170,0,0,0,0,0,0
7,0,15,0,0,0,0,0,0,0,0,0,0,0,0,0,0,0,0,0,0,0,0,0,0,0,0,0,0,0,0,0,0,0,0,0,0,0,0,0,0,0,0,0,0,0,0,0,0,0,0,0,0,0,0,0,0,0,0,0,0,810,806,818,809,805,791,809,790,781,785,790,784,780,782,792,784,786,795,794,799,804,808,815,827,833,1613,0,0,0,0,0,0,0,0,0,0,0,0,0,0,0,0,0,0,0,0,0,0,0,0,0,0,0,0,0,0,0,0,0,0,0,0,0,0,0,0,0,0,0,0,0,0,0,0,0,0,0,0,0,0,0,0,0,790,0,790,791,793,800,763,723,0,708,696,684,699,689,690,687,697,695,697,697,706,703,707,714,716,723,745,778,775,823,845,867,1620,0,0,0,0,0,0,0,0,0,0,0,0,0,0,0,0,0,0,0,0,0,0,0,0,0,0,0,0,0,0,0,0,0,0,0,0,0,0,0,0,0,0,0,0,0,0,0,0,0,0,0,0,0,0,0,0,0,0,0,0,0,0,0,0,794,789,769,0,760,764,0,763,762,756,0,749,744,0,745,748,759,0,730,702,0,706,715,732,0,1385,0,0,0,0,0,0
7,0,16,0,0,0,0,0,0,0,0,0,0,0,0,0,0,0,0,0,0,0,0,0,0,0,0,0,0,0,0,0,0,0,0,0,0,0,0,0,0,0,0,0,0,0,0,0,0,0,0,0,0,0,0,0,0,0,0,0,0,810,806,818,809,805,791,809,790,781,785,790,784,780,782,792,784,786,795,794,799,804,808,815,827,833,1613,0,0,0,0,0,0,0,0,0,0,0,0,0,0,0,0,0,0,0,0,0,0,0,0,0,0,0,0,0,0,0,0,0,0,0,0,0,0,0,0,0,0,0,0,0,0,0,0,0,0,0,0,0,0,0,0,0,790,0,790,791,793,800,763,723,0,708,696,684,699,689,690,687,697,695,697,697,706,703,707,714,716,723,745,778,775,823,845,867,1620,0,0,0,0,0,0,0,0,0,0,0,0,0,0,0,0,0,0,0,0,0,0,0,0,0,0,0,0,0,0,0,0,0,0,0,0,0,0,0,0,0,0,0,0,0,0,0,0,0,0,0,0,0,0,0,0,0,0,0,0,0,0,0,0,794,789,769,0,760,764,0,763,762,756,0,749,744,0,745,748,759,0,730,702,0,706,715,732,0,1385,0,0,0,0,0,0
7,0,17,0,0,0,0,0,0,0,0,0,0,0,0,0,0,0,0,0,0,0,0,0,0,0,0,0,0,0,0,0,0,0,0,0,0,0,0,0,0,0,0,0,0,0,0,0,0,0,0,0,0,0,0,0,0,0,804,797,0,794,789,784,0,775,769,766,0,766,765,0,768,763,770,0,774,777,782,0,792,801,813,0,827,834,0,0,0,0,0,0,0,0,0,0,0,0,0,0,0,0,0,0,0,0,0,0,0,0,0,0,0,0,0,0,0,0,0,0,0,0,0,0,0,0,0,0,0,0,0,0,0,0,0,0,0,0,0,0,0,0,0,777,774,786,0,743,707,0,693,678,675,0,672,672,674,0,676,677,681,0,683,685,692,0,702,707,746,0,770,820,829,857,0,0,0,0,0,0,0,0,0,0,0,0,0,0,0,0,0,0,0,0,0,0,0,0,0,0,0,0,0,0,0,0,0,0,0,0,0,0,0,0,0,0,0,0,0,0,0,0,0,0,0,0,0,0,0,0,0,0,0,0,0,0,0,0,776,784,0,743,756,0,749,750,745,0,740,731,0,726,725,731,0,736,752,0,687,689,696,0,710,767,778,0,1392,0,0,0,0,0,0
7,0,18,0,0,0,0,0,0,0,0,0,0,0,0,0,0,0,0,0,0,0,0,0,0,0,0,0,0,0,0,0,0,0,0,0,0,0,0,0,0,0,0,0,0,0,0,0,0,0,0,0,0,1395,0,781,783,0,777,770,764,0,759,752,746,756,750,748,0,750,748,754,0,755,760,764,0,773,782,796,793,802,832,0,841,0,0,0,0,0,0,0,0,0,0,0,0,0,0,0,0,0,0,0,0,0,0,0,0,0,0,0,0,0,0,0,0,0,0,0,0,0,0,0,0,0,0,0,0,0,0,0,0,0,0,0,0,0,765,770,776,769,747,737,0,687,675,656,672,660,658,0,658,659,661,0,662,663,659,670,666,672,676,697,687,716,763,795,800,807,817,0,0,0,0,0,0,0,0,0,0,0,0,0,0,0,0,0,0,0,0,0,0,0,0,0,0,0,0,0,0,0,0,0,0,0,0,0,0,0,0,0,0,0,0,0,0,0,0,0,0,0,0,0,0,0,0,0,0,0,0,0,0,0,777,769,0,762,748,742,738,745,736,0,735,723,729,712,716,716,0,725,727,742,0,721,709,0,718,722,756,0,763,774,782,0,0,0,0,0,0,0,0
7,0,19,0,0,0,0,0,0,0,0,0,0,0,0,0,0,0,0,0,0,0,0,0,0,0,0,0,0,0,0,0,0,0,0,0,0,0,0,0,0,0,0,0,0,0,0,0,0,0,0,0,0,1395,0,781,783,0,777,770,764,0,759,752,746,756,750,748,0,750,748,754,0,755,760,764,0,773,782,796,793,802,832,0,841,0,0,0,0,0,0,0,0,0,0,0,0,0,0,0,0,0,0,0,0,0,0,0,0,0,0,0,0,0,0,0,0,0,0,0,0,0,0,0,0,0,0,0,0,0,0,0,0,767,0,765,765,733,767,727,679,0,665,655,646,654,647,647,645,650,647,649,646,652,653,652,0,651,656,661,0,677,706,764,782,0,786,802,0,0,0,0,0,0,0,0,0,0,0,0,0,0,0,0,0,0,0,0,0,0,0,0,0,0,0,0,0,0,0,0,0,0,0,0,0,0,0,0,0,0,0,0,0,0,0,0,0,0,0,0,0,0,0,0,0,0,0,0,0,0,0,0,787,765,739,748,742,744,0,734,730,728,710,709,711,709,709,717,726,724,729,734,738,736,735,752,730,730,732,739,744,753,784,0,0,0,0,0,0,0,0,0,0
7,0,20,0,0,0,0,0,0,0,0,0,0,0,0,0,0,0,0,0,0,0,0,0,0,0,0,0,0,0,0,0,0,0,0,0,0,0,0,0,0,0,0,0,0,0,0,0,0,0,778,772,781,770,758,770,755,748,735,746,738,735,732,738,732,731,731,739,735,733,742,740,746,754,755,762,773,778,786,808,842,0,0,0,0,0,0,0,0,0,0,0,0,0,0,0,0,0,0,0,0,0,0,0,0,0,0,0,0,0,0,0,0,0,0,0,0,0,0,0,0,0,0,0,0,0,0,0,0,0,0,0,0,767,0,765,765,733,767,727,679,0,665,655,646,654,647,647,645,650,647,649,646,652,653,652,0,651,656,661,0,677,706,764,782,0,786,802,0,0,0,0,0,0,0,0,0,0,0,0,0,0,0,0,0,0,0,0,0,0,0,0,0,0,0,0,0,0,0,0,0,0,0,0,0,0,0,0,0,0,0,0,0,0,0,0,0,0,0,0,0,0,0,0,0,0,0,0,0,0,0,0,787,765,739,748,742,744,0,734,730,728,710,709,711,709,709,717,726,724,729,734,738,736,735,752,730,730,732,739,744,753,784,0,0,0,0,0,0,0,0,0,0
7,0,21,0,0,0,0,0,0,0,0,0,0,0,0,0,0,0,0,0,0,0,0,0,0,0,0,0,0,0,0,0,0,0,0,0,0,0,0,0,0,0,0,0,0,0,0,0,0,777,770,763,0,754,743,0,735,728,726,0,725,722,716,0,721,721,0,721,720,723,0,729,738,743,0,757,760,795,0,0,0,0,0,0,0,0,0,0,0,0,0,0,0,0,0,0,0,0,0,0,0,0,0,0,0,0,0,0,0,0,0,0,0,0,0,0,0,0,0,0,0,0,0,0,0,0,0,0,0,0,0,0,0,760,764,0,766,685,0,665,650,644,0,640,638,638,0,638,638,638,0,638,638,633,642,638,641,650,654,681,700,759,757,764,771,792,788,0,0,0,0,0,0,0,0,0,0,0,0,0,0,0,0,0,0,0,0,0,0,0,0,0,0,0,0,0,0,0,0,0,0,0,0,0,0,0,0,0,0,0,0,0,0,0,0,0,0,0,0,0,0,0,0,0,0,0,0,0,0,0,0,789,739,0,748,738,0,739,724,719,0,703,699,0,702,704,714,0,718,717,0,723,725,712,0,728,710,0,719,739,0,0,0,0,0,0,0,0,0,0,0,0,0
7,0,22,0,0,0,0,0,0,0,0,0,0,0,0,0,0,0,0,0,0,0,0,0,0,0,0,0,0,0,0,0,0,0,0,0,0,0,0,0,0,0,0,0,0,0,0,0,0,777,770,763,0,754,743,0,735,728,726,0,725,722,716,0,721,721,0,721,720,723,0,729,738,743,0,757,760,795,0,0,0,0,0,0,0,0,0,0,0,0,0,0,0,0,0,0,0,0,0,0,0,0,0,0,0,0,0,0,0,0,0,0,0,0,0,0,0,0,0,0,0,0,0,0,0,0,0,0,0,0,0,746,757,752,760,0,681,655,633,645,632,626,0,625,623,622,0,622,623,623,0,622,618,615,0,620,627,658,0,673,739,737,740,0,750,0,0,0,0,0,0,0,0,0,0,0,0,0,0,0,0,0,0,0,0,0,0,0,0,0,0,0,0,0,0,0,0,0,0,0,0,0,0,0,0,0,0,0,0,0,0,0,0,0,0,0,0,0,0,0,0,0,0,0,0,0,0,0,0,781,792,724,732,743,728,726,722,717,708,700,696,688,685,689,694,699,710,714,657,609,715,713,689,692,697,690,693,709,730,0,0,0,0,0,0,0,0,0,0,0,0,0,0
7,0,23,0,0,0,0,0,0,0,0,0,0,0,0,0,0,0,0,0,0,0,0,0,0,0,0,0,0,0,0,0,0,0,0,0,0,0,0,0,0,0,0,0,0,0,772,775,761,759,752,0,741,729,728,716,714,712,716,706,704,702,710,699,703,703,0,702,703,712,703,715,721,737,730,738,767,799,796,0,0,0,0,0,0,0,0,0,0,0,0,0,0,0,0,0,0,0,0,0,0,0,0,0,0,0,0,0,0,0,0,0,0,0,0,0,0,0,0,0,0,0,0,0,0,0,0,0,0,0,0,746,757,752,760,0,681,655,633,645,632,626,0,625,623,622,0,622,623,623,0,622,618,615,0,620,627,658,0,673,739,737,740,0,750,0,0,0,0,0,0,0,0,0,0,0,0,0,0,0,0,0,0,0,0,0,0,0,0,0,0,0,0,0,0,0,0,0,0,0,0,0,0,0,0,0,0,0,0,0,0,0,0,0,0,0,0,0,0,0,0,0,0,0,0,0,0,0,0,781,792,724,732,743,728,726,722,717,708,700,696,688,685,689,694,699,710,714,657,609,715,713,689,692,697,690,693,709,730,0,0,0,0,0,0,0,0,0,0,0,0,0,0
7,0,24,0,0,0,0,0,0,0,0,0,0,0,0,0,0,0,0,0,0,0,0,0,0,0,0,0,0,0,0,0,0,0,0,0,0,0,0,0,0,0,0,0,0,0,754,750,740,741,724,720,710,709,696,696,699,687,692,683,685,679,684,682,688,675,679,685,674,682,689,701,690,705,716,722,731,758,0,0,0,0,0,0,0,0,0,0,0,0,0,0,0,0,0,0,0,0,0,0,0,0,0,0,0,0,0,0,0,0,0,0,0,0,0,0,0,0,0,0,0,0,0,0,0,0,0,0,0,0,0,737,0,742,688,0,655,631,622,0,615,612,0,610,610,606,0,605,606,606,0,605,600,603,0,609,614,645,0,658,723,718,721,0,731,0,0,0,0,0,0,0,0,0,0,0,0,0,0,0,0,0,0,0,0,0,0,0,0,0,0,0,0,0,0,0,0,0,0,0,0,0,0,0,0,0,0,0,0,0,0,0,0,0,0,0,0,0,0,0,0,0,0,0,0,0,0,0,736,734,713,713,704,715,709,687,692,696,663,666,671,661,660,663,615,592,592,596,590,585,603,604,647,662,669,667,668,685,713,0,0,0,0,0,0,0,0,0,0,0,0,0,0
7,0,25,0,0,0,0,0,0,0,0,0,0,0,0,0,0,0,0,0,0,0,0,0,0,0,0,0,0,0,0,0,0,0,0,0,0,0,0,0,0,0,0,0,0,0,743,729,0,721,710,699,0,690,684,0,680,678,673,0,665,670,668,0,666,664,662,0,664,668,0,675,681,694,0,699,726,752,0,0,0,0,0,0,0,0,0,0,0,0,0,0,0,0,0,0,0,0,0,0,0,0,0,0,0,0,0,0,0,0,0,0,0,0,0,0,0,0,0,0,0,0,0,0,0,0,0,0,0,0,731,726,733,0,657,636,0,615,607,0,599,596,593,0,593,591,590,0,591,589,587,0,583,586,592,0,597,628,640,0,677,704,704,0,711,731,0,0,0,0,0,0,0,0,0,0,0,0,0,0,0,0,0,0,0,0,0,0,0,0,0,0,0,0,0,0,0,0,0,0,0,0,0,0,0,0,0,0,0,0,0,0,0,0,0,0,0,0,0,0,0,0,0,0,0,0,0,722,0,705,695,0,695,693,677,0,675,653,0,648,642,0,647,593,0,581,575,572,0,572,580,0,599,654,650,655,0,665,687,0,0,0,0,0,0,0,0,0,0,0,0,0,0
7,0,26,0,0,0,0,0,0,0,0,0,0,0,0,0,0,0,0,0,0,0,0,0,0,0,0,0,0,0,0,0,0,0,0,0,0,0,0,0,0,0,0,0,0,0,743,729,0,721,710,699,0,690,684,0,680,678,673,0,665,670,668,0,666,664,662,0,664,668,0,675,681,694,0,699,726,752,0,0,0,0,0,0,0,0,0,0,0,0,0,0,0,0,0,0,0,0,0,0,0,0,0,0,0,0,0,0,0,0,0,0,0,0,0,0,0,0,0,0,0,0,0,0,0,0,0,0,0,0,731,726,733,0,657,636,0,615,607,0,599,596,593,0,593,591,590,0,591,589,587,0,583,586,592,0,597,628,640,0,677,704,704,0,711,731,0,0,0,0,0,0,0,0,0,0,0,0,0,0,0,0,0,0,0,0,0,0,0,0,0,0,0,0,0,0,0,0,0,0,0,0,0,0,0,0,0,0,0,0,0,0,0,0,0,0,0,0,0,0,0,0,0,0,0,0,0,722,0,705,695,0,695,693,677,0,675,653,0,648,642,0,647,593,0,581,575,572,0,572,580,0,599,654,650,655,0,665,687,0,0,0,0,0,0,0,0,0,0,0,0,0,0
7,0,27,0,0,0,0,0,0,0,0,0,0,0,0,0,0,0,0,0,0,0,0,0,0,0,0,0,0,0,0,0,0,0,0,0,0,0,0,0,0,0,0,0,0,730,723,718,707,703,697,685,682,675,673,665,667,663,0,655,658,661,653,654,653,654,647,651,653,0,658,665,673,0,684,685,717,0,741,0,0,0,0,0,0,0,0,0,0,0,0,0,0,0,0,0,0,0,0,0,0,0,0,0,0,0,0,0,0,0,0,0,0,0,0,0,0,0,0,0,0,0,0,0,0,0,0,0,0,0,715,716,726,667,629,609,0,597,589,0,584,581,579,0,578,576,576,0,575,573,569,0,567,572,576,0,588,615,625,687,661,686,686,0,692,710,0,0,0,0,0,0,0,0,0,0,0,0,0,0,0,0,0,0,0,0,0,0,0,0,0,0,0,0,0,0,0,0,0,0,0,0,0,0,0,0,0,0,0,0,0,0,0,0,0,0,0,0,0,0,0,0,0,0,0,0,0,705,687,681,686,685,683,686,668,664,640,646,638,606,636,585,568,577,563,555,563,557,560,566,570,584,642,637,643,643,649,659,668,0,0,0,0,0,0,0,0,0,0,0,0,0,0
7,0,28,0,0,0,0,0,0,0,0,0,0,0,0,0,0,0,0,0,0,0,0,0,0,0,0,0,0,0,0,0,0,0,0,0,0,0,0,0,0,0,0,721,716,712,697,693,692,675,674,666,667,657,658,653,655,642,645,651,643,645,642,644,637,639,643,645,0,651,657,666,0,676,675,708,0,730,0,0,0,0,0,0,0,0,0,0,0,0,0,0,0,0,0,0,0,0,0,0,0,0,0,0,0,0,0,0,0,0,0,0,0,0,0,0,0,0,0,0,0,0,0,0,0,0,0,0,712,0,710,718,0,0,606,592,0,584,578,574,0,573,571,0,570,568,568,0,566,563,560,0,564,568,573,0,601,612,627,681,0,676,679,689,0,0,0,0,0,0,0,0,0,0,0,0,0,0,0,0,0,0,0,0,0,0,0,0,0,0,0,0,0,0,0,0,0,0,0,0,0,0,0,0,0,0,0,0,0,0,0,0,0,0,0,0,0,0,0,0,0,0,0,0,0,707,690,0,675,678,673,681,672,656,0,639,629,605,624,581,566,572,559,552,555,552,552,557,557,566,585,630,636,630,633,0,640,657,0,0,0,0,0,0,0,0,0,0,0,0,0,0,0
7,0,29,0,0,0,0,0,0,0,0,0,0,0,0,0,0,0,0,0,0,0,0,0,0,0,0,0,0,0,0,0,0,0,0,0,0,0,0,0,0,0,0,721,716,712,697,693,692,675,674,666,667,657,658,653,655,642,645,651,643,645,642,644,637,639,643,645,0,651,657,666,0,676,675,708,0,730,0,0,0,0,0,0,0,0,0,0,0,0,0,0,0,0,0,0,0,0,0,0,0,0,0,0,0,0,0,0,0,0,0,0,0,0,0,0,0,0,0,0,0,0,0,0,0,0,0,0,712,0,710,718,0,0,606,592,0,584,578,574,0,573,571,0,570,568,568,0,566,563,560,0,564,568,573,0,601,612,627,681,0,676,679,689,0,0,0,0,0,0,0,0,0,0,0,0,0,0,0,0,0,0,0,0,0,0,0,0,0,0,0,0,0,0,0,0,0,0,0,0,0,0,0,0,0,0,0,0,0,0,0,0,0,0,0,0,0,0,0,0,0,0,0,0,0,707,690,0,675,678,673,681,672,656,0,639,629,605,624,581,566,572,559,552,555,552,552,557,557,566,585,630,636,630,633,0,640,657,0,0,0,0,0,0,0,0,0,0,0,0,0,0,0
7,0,30,0,0,0,0,0,0,0,0,0,0,0,0,0,0,0,0,0,0,0,0,0,0,0,0,0,0,0,0,0,0,0,0,0,0,0,0,0,0,724,714,699,0,690,678,0,669,662,656,0,653,650,0,640,643,642,0,639,637,634,0,633,635,640,640,645,649,657,662,666,682,693,703,0,726,0,0,0,0,0,0,0,0,0,0,0,0,0,0,0,0,0,0,0,0,0,0,0,0,0,0,0,0,0,0,0,0,0,0,0,0,0,0,0,0,0,0,0,0,0,0,0,0,708,0,709,706,716,0,590,592,0,581,574,0,569,567,564,0,563,561,560,0,559,557,556,0,557,560,565,0,581,597,612,672,618,672,670,677,673,692,704,0,0,0,0,0,0,0,0,0,0,0,0,0,0,0,0,0,0,0,0,0,0,0,0,0,0,0,0,0,0,0,0,0,0,0,0,0,0,0,0,0,0,0,0,0,0,0,0,0,0,0,0,0,0,0,0,0,685,666,699,669,669,675,667,654,654,658,633,615,624,614,610,615,587,565,565,562,554,548,551,549,553,556,556,574,618,617,622,624,0,630,643,0,0,0,0,0,0,0,0,0,0,0,0,0,0,0,0,0
7,0,31,0,0,0,0,0,0,0,0,0,0,0,0,0,0,0,0,0,0,0,0,0,0,0,0,0,0,0,0,0,0,0,0,0,726,710,725,701,699,687,690,669,669,668,656,657,648,653,644,645,638,642,637,637,635,0,634,636,632,645,641,649,645,664,666,679,663,0,690,712,0,0,0,0,0,0,0,0,0,0,0,0,0,0,0,0,0,0,0,0,0,0,0,0,0,0,0,0,0,0,0,0,0,0,0,0,0,0,0,0,0,0,0,0,0,0,0,713,0,712,675,0,657,650,580,0,582,574,565,573,566,561,0,559,557,554,557,553,553,555,552,554,556,578,574,557,580,619,623,597,632,668,0,661,661,667,0,682,0,0,0,0,0,0,0,0,0,0,0,0,0,0,0,0,0,0,0,0,0,0,0,0,0,0,0,0,0,0,0,0,0,0,0,0,0,0,0,0,0,0,0,0,0,0,0,0,0,0,0,0,0,0,0,0,0,0,695,672,683,0,676,666,0,657,644,0,623,616,611,0,609,599,0,571,561,0,555,551,552,0,555,562,578,0,619,615,0,617,625,641,623,634,1225,0,0,0,0,0,0,0,0,0,0,0,0,0,0,0,0,0,0
7,0,32,0,0,0,0,0,0,0,0,0,0,0,0,0,0,0,0,0,0,0,0,0,0,0,0,0,0,0,0,0,0,0,0,0,726,710,725,701,699,687,690,669,669,668,656,657,648,653,644,645,638,642,637,637,635,0,634,636,632,645,641,649,645,664,666,679,663,0,690,712,0,0,0,0,0,0,0,0,0,0,0,0,0,0,0,0,0,0,0,0,0,0,0,0,0,0,0,0,0,0,0,0,0,0,0,0,0,0,0,0,0,0,0,0,725,727,0,0,608,0,593,584,0,578,574,572,0,569,565,563,0,559,555,553,0,553,554,556,0,572,587,594,0,612,664,656,0,657,664,683,0,659,1334,0,0,0,0,0,0,0,0,0,0,0,0,0,0,0,0,0,0,0,0,0,0,0,0,0,0,0,0,0,0,0,0,0,0,0,0,0,0,0,0,0,0,0,0,0,0,0,0,0,0,0,0,0,0,0,0,731,699,0,707,696,684,686,671,668,669,648,633,640,627,594,620,596,594,567,610,568,566,563,564,578,592,558,596,624,602,620,629,656,618,624,0,1318,661,0,0,0,0,0,0,0,0,0,0,0,0,0,0,0,0,0,0,0,0,0,0,0,0
7,0,33,0,0,0,0,0,0,0,0,0,0,0,0,0,0,0,0,0,0,0,0,0,0,0,0,0,0,0,744,731,729,720,709,701,699,685,681,674,668,667,658,658,0,650,647,646,647,642,641,637,644,641,644,638,655,653,655,654,686,683,659,689,0,712,0,0,0,0,0,0,0,0,0,0,0,0,0,0,0,0,0,0,0,0,0,0,0,0,0,0,0,0,0,0,0,0,0,0,0,0,0,0,0,0,0,0,0,0,0,0,0,0,0,0,725,727,0,0,608,0,593,584,0,578,574,572,0,569,565,563,0,559,555,553,0,553,554,556,0,572,587,594,0,612,664,656,0,657,664,683,0,659,1334,0,0,0,0,0,0,0,0,0,0,0,0,0,0,0,0,0,0,0,0,0,0,0,0,0,0,0,0,0,0,0,0,0,0,0,0,0,0,0,0,0,0,0,0,0,0,0,0,0,0,0,0,0,0,0,0,731,699,0,707,696,684,686,671,668,669,648,633,640,627,594,620,596,594,567,610,568,566,563,564,578,592,558,596,624,602,620,629,656,618,624,0,1318,661,0,0,0,0,0,0,0,0,0,0,0,0,0,0,0,0,0,0,0,0,0,0,0,0
7,0,34,0,0,0,0,0,0,0,0,0,0,0,0,0,0,0,0,0,0,0,0,0,0,0,0,753,0,739,731,0,715,700,692,0,682,679,0,674,660,663,0,658,656,653,0,650,649,0,651,655,657,0,662,669,666,0,692,712,0,0,0,0,0,0,0,0,0,0,0,0,0,0,0,0,0,0,0,0,0,0,0,0,0,0,0,0,0,0,0,0,0,0,0,0,0,0,0,0,0,0,0,0,0,0,0,0,0,0,0,750,747,738,712,646,657,632,609,603,596,595,595,587,585,580,582,576,572,570,569,567,560,567,579,579,565,592,613,641,603,646,663,666,658,668,0,668,689,0,0,0,0,0,0,0,0,0,0,0,0,0,0,0,0,0,0,0,0,0,0,0,0,0,0,0,0,0,0,0,0,0,0,0,0,0,0,0,0,0,0,0,0,0,0,0,0,0,0,0,0,0,0,0,0,0,0,0,0,741,733,721,723,716,0,695,684,668,661,632,0,618,591,585,582,581,589,664,574,621,666,620,654,642,644,0,642,651,685,648,664,0,0,0,0,0,0,0,0,0,0,0,0,0,0,0,0,0,0,0,0,0,0,0,0,0,0,0,0,0,0,0,0
7,0,35,0,0,0,0,0,0,0,0,0,0,0,0,0,0,0,0,0,0,0,0,0,0,771,766,754,746,734,731,716,709,704,695,691,689,684,671,678,672,669,667,667,661,660,660,665,657,665,667,677,668,678,689,688,696,722,0,0,0,0,0,0,0,0,0,0,0,0,0,0,0,0,0,0,0,0,0,0,0,0,0,0,0,0,0,0,0,0,0,0,0,0,0,0,0,0,0,0,0,0,0,0,0,0,0,0,774,0,759,763,0,0,638,632,628,616,612,610,607,600,596,594,594,591,588,582,578,579,584,579,588,605,615,608,625,696,679,676,671,675,689,680,700,0,0,0,0,0,0,0,0,0,0,0,0,0,0,0,0,0,0,0,0,0,0,0,0,0,0,0,0,0,0,0,0,0,0,0,0,0,0,0,0,0,0,0,0,0,0,0,0,0,0,0,0,0,0,0,0,0,0,0,0,0,0,769,0,732,742,729,0,708,699,0,677,670,0,602,590,0,589,650,668,673,0,669,668,0,653,677,0,649,654,666,0,686,0,0,0,0,0,0,0,0,0,0,0,0,0,0,0,0,0,0,0,0,0,0,0,0,0,0,0,0,0,0,0,0,0,0,0
7,0,36,0,0,0,0,0,0,0,0,0,0,0,0,0,0,0,0,0,0,0,0,0,0,771,766,754,746,734,731,716,709,704,695,691,689,684,671,678,672,669,667,667,661,660,660,665,657,665,667,677,668,678,689,688,696,722,0,0,0,0,0,0,0,0,0,0,0,0,0,0,0,0,0,0,0,0,0,0,0,0,0,0,0,0,0,0,0,0,0,0,0,0,0,0,0,0,0,0,0,0,0,0,0,0,0,0,774,0,759,763,0,0,638,632,628,616,612,610,607,600,596,594,594,591,588,582,578,579,584,579,588,605,615,608,625,696,679,676,671,675,689,680,700,0,0,0,0,0,0,0,0,0,0,0,0,0,0,0,0,0,0,0,0,0,0,0,0,0,0,0,0,0,0,0,0,0,0,0,0,0,0,0,0,0,0,0,0,0,0,0,0,0,0,0,0,0,0,0,0,0,0,0,0,0,0,769,0,732,742,729,0,708,699,0,677,670,0,602,590,0,589,650,668,673,0,669,668,0,653,677,0,649,654,666,0,686,0,0,0,0,0,0,0,0,0,0,0,0,0,0,0,0,0,0,0,0,0,0,0,0,0,0,0,0,0,0,0,0,0,0,0
7,0,37,0,0,0,0,0,0,0,0,0,0,0,0,0,0,0,0,0,0,0,0,0,0,778,765,759,757,745,734,727,717,707,704,701,698,691,681,684,680,679,677,675,673,675,671,675,679,680,680,685,693,689,689,711,735,740,0,0,0,0,0,0,0,0,0,0,0,0,0,0,0,0,0,0,0,0,0,0,0,0,0,0,0,0,0,0,0,0,0,0,0,0,0,0,0,0,0,0,0,0,0,0,0,0,0,0,0,764,0,765,0,0,645,638,622,0,617,615,610,0,601,599,598,0,592,584,0,585,588,594,612,0,618,630,704,0,683,678,682,0,692,0,0,0,0,0,0,0,0,0,0,0,0,0,0,0,0,0,0,0,0,0,0,0,0,0,0,0,0,0,0,0,0,0,0,0,0,0,0,0,0,0,0,0,0,0,0,0,0,0,0,0,0,0,0,0,0,0,0,0,0,0,0,0,764,768,731,736,732,726,705,700,700,676,671,667,615,592,589,588,640,680,675,671,673,664,668,664,655,662,652,665,686,681,0,0,0,0,0,0,0,0,0,0,0,0,0,0,0,0,0,0,0,0,0,0,0,0,0,0,0,0,0,0,0,0,0,0,0,0,0
7,0,38,0,0,0,0,0,0,0,0,0,0,0,0,0,0,0,0,0,0,0,0,0,0,0,773,760,0,754,741,724,0,718,707,704,0,699,686,0,688,682,684,0,680,679,680,0,682,687,0,688,696,698,0,712,732,0,0,0,0,0,0,0,0,0,0,0,0,0,0,0,0,0,0,0,0,0,0,0,0,0,0,0,0,0,0,0,0,0,0,0,0,0,0,0,0,0,0,0,0,0,0,0,0,0,0,0,0,0,766,772,681,652,645,639,633,622,622,619,617,610,606,604,604,600,599,589,590,596,596,596,611,623,629,629,664,707,690,681,685,692,707,714,0,0,0,0,0,0,0,0,0,0,0,0,0,0,0,0,0,0,0,0,0,0,0,0,0,0,0,0,0,0,0,0,0,0,0,0,0,0,0,0,0,0,0,0,0,0,0,0,0,0,0,0,0,0,0,0,0,0,0,0,0,0,774,725,730,734,725,724,710,701,695,679,672,667,671,671,625,680,681,686,680,682,682,678,672,678,683,661,668,680,692,708,0,0,0,0,0,0,0,0,0,0,0,0,0,0,0,0,0,0,0,0,0,0,0,0,0,0,0,0,0,0,0,0,0,0,0,0,0
7,0,39,0,0,0,0,0,0,0,0,0,0,0,0,0,0,0,0,0,0,0,0,0,0,0,773,760,0,754,741,724,0,718,707,704,0,699,686,0,688,682,684,0,680,679,680,0,682,687,0,688,696,698,0,712,732,0,0,0,0,0,0,0,0,0,0,0,0,0,0,0,0,0,0,0,0,0,0,0,0,0,0,0,0,0,0,0,0,0,0,0,0,0,0,0,0,0,0,0,0,0,0,0,0,0,0,0,0,0,766,772,681,652,645,639,633,622,622,619,617,610,606,604,604,600,599,589,590,596,596,596,611,623,629,629,664,707,690,681,685,692,707,714,0,0,0,0,0,0,0,0,0,0,0,0,0,0,0,0,0,0,0,0,0,0,0,0,0,0,0,0,0,0,0,0,0,0,0,0,0,0,0,0,0,0,0,0,0,0,0,0,0,0,0,0,0,0,0,0,0,0,0,0,0,0,774,725,730,734,725,724,710,701,695,679,672,667,671,671,625,680,681,686,680,682,682,678,672,678,683,661,668,680,692,708,0,0,0,0,0,0,0,0,0,0,0,0,0,0,0,0,0,0,0,0,0,0,0,0,0,0,0,0,0,0,0,0,0,0,0,0,0
7,0,40,0,0,0,0,0,0,0,0,0,0,0,0,0,0,0,0,0,0,0,0,0,0,781,775,766,759,755,747,738,723,720,712,709,707,703,697,689,691,688,684,684,683,681,682,685,0,686,691,691,693,700,697,715,721,738,0,0,0,0,0,0,0,0,0,0,0,0,0,0,0,0,0,0,0,0,0,0,0,0,0,0,0,0,0,0,0,0,0,0,0,0,0,0,0,0,0,0,0,0,0,0,0,0,0,0,787,770,0,770,687,0,653,643,631,0,625,623,0,620,613,609,0,607,600,596,0,601,604,607,0,626,631,638,713,0,696,690,0,693,703,735,0,0,0,0,0,0,0,0,0,0,0,0,0,0,0,0,0,0,0,0,0,0,0,0,0,0,0,0,0,0,0,0,0,0,0,0,0,0,0,0,0,0,0,0,0,0,0,0,0,0,0,0,0,0,0,0,0,0,0,0,0,0,770,731,0,737,730,0,729,709,694,0,681,675,0,676,685,685,0,690,685,0,689,688,677,0,712,675,0,682,698,0,0,0,0,0,0,0,0,0,0,0,0,0,0,0,0,0,0,0,0,0,0,0,0,0,0,0,0,0,0,0,0,0,0,0,0,0,0
7,0,41,0,0,0,0,0,0,0,0,0,0,0,0,0,0,0,0,0,0,0,0,0,0,0,785,0,770,762,751,0,735,726,714,0,710,705,0,691,694,686,0,688,685,683,0,685,685,689,0,691,696,0,697,709,730,0,0,0,0,0,0,0,0,0,0,0,0,0,0,0,0,0,0,0,0,0,0,0,0,0,0,0,0,0,0,0,0,0,0,0,0,0,0,0,0,0,0,0,0,0,0,0,0,0,0,0,0,0,778,784,776,0,654,650,641,633,630,628,627,621,0,615,613,609,607,601,604,610,608,608,620,630,630,633,654,708,689,689,689,695,707,715,0,0,0,0,0,0,0,0,0,0,0,0,0,0,0,0,0,0,0,0,0,0,0,0,0,0,0,0,0,0,0,0,0,0,0,0,0,0,0,0,0,0,0,0,0,0,0,0,0,0,0,0,0,0,0,0,0,0,0,0,0,0,747,765,737,741,741,732,730,715,708,692,686,682,685,690,688,692,698,693,690,695,695,694,682,710,677,678,682,695,718,729,0,0,0,0,0,0,0,0,0,0,0,0,0,0,0,0,0,0,0,0,0,0,0,0,0,0,0,0,0,0,0,0,0,0,0,0,0
7,0,42,0,0,0,0,0,0,0,0,0,0,0,0,0,0,0,0,0,0,0,0,0,0,0,785,0,770,762,751,0,735,726,714,0,710,705,0,691,694,686,0,688,685,683,0,685,685,689,0,691,696,0,697,709,730,0,0,0,0,0,0,0,0,0,0,0,0,0,0,0,0,0,0,0,0,0,0,0,0,0,0,0,0,0,0,0,0,0,0,0,0,0,0,0,0,0,0,0,0,0,0,0,0,0,0,0,790,0,783,744,0,658,651,640,0,632,628,623,627,619,615,609,614,605,602,608,606,608,610,626,624,630,634,663,654,695,686,688,687,695,718,0,0,0,0,0,0,0,0,0,0,0,0,0,0,0,0,0,0,0,0,0,0,0,0,0,0,0,0,0,0,0,0,0,0,0,0,0,0,0,0,0,0,0,0,0,0,0,0,0,0,0,0,0,0,0,0,0,0,0,0,0,779,0,738,738,736,740,733,728,0,709,692,683,686,684,686,687,689,694,689,692,694,692,0,682,696,673,677,677,688,712,710,0,0,0,0,0,0,0,0,0,0,0,0,0,0,0,0,0,0,0,0,0,0,0,0,0,0,0,0,0,0,0,0,0,0,0,0,0,0
7,0,43,0,0,0,0,0,0,0,0,0,0,0,0,0,0,0,0,0,0,0,0,0,0,786,769,772,761,749,744,739,727,714,716,710,703,698,693,693,685,686,688,683,681,683,683,684,686,688,689,693,694,698,701,721,721,0,0,0,0,0,0,0,0,0,0,0,0,0,0,0,0,0,0,0,0,0,0,0,0,0,0,0,0,0,0,0,0,0,0,0,0,0,0,0,0,0,0,0,0,0,0,0,0,0,0,0,790,0,783,744,0,658,651,640,0,632,628,623,627,619,615,609,614,605,602,608,606,608,610,626,624,630,634,663,654,695,686,688,687,695,718,0,0,0,0,0,0,0,0,0,0,0,0,0,0,0,0,0,0,0,0,0,0,0,0,0,0,0,0,0,0,0,0,0,0,0,0,0,0,0,0,0,0,0,0,0,0,0,0,0,0,0,0,0,0,0,0,0,0,0,0,0,779,0,738,738,736,740,733,728,0,709,692,683,686,684,686,687,689,694,689,692,694,692,0,682,696,673,677,677,688,712,710,0,0,0,0,0,0,0,0,0,0,0,0,0,0,0,0,0,0,0,0,0,0,0,0,0,0,0,0,0,0,0,0,0,0,0,0,0,0
7,0,44,0,0,0,0,0,0,0,0,0,0,0,0,0,0,0,0,0,0,0,771,784,763,746,758,742,721,725,723,709,700,701,702,682,689,687,681,679,678,681,676,676,677,680,681,684,685,688,691,699,689,717,0,732,0,0,0,0,0,0,0,0,0,0,0,0,0,0,0,0,0,0,0,0,0,0,0,0,0,0,0,0,0,0,0,0,0,0,0,0,0,0,0,0,0,0,0,0,0,0,0,0,0,0,0,0,777,740,0,664,647,0,636,627,624,0,622,614,610,0,607,602,0,600,605,606,0,606,619,627,0,630,646,694,683,0,683,690,709,0,0,0,0,0,0,0,0,0,0,0,0,0,0,0,0,0,0,0,0,0,0,0,0,0,0,0,0,0,0,0,0,0,0,0,0,0,0,0,0,0,0,0,0,0,0,0,0,0,0,0,0,0,0,0,0,0,0,0,0,0,0,753,0,736,741,0,732,727,0,707,690,683,0,679,676,0,684,682,690,0,686,689,0,688,674,710,0,670,675,689,0,719,0,0,0,0,0,0,0,0,0,0,0,0,0,0,0,0,0,0,0,0,0,0,0,0,0,0,0,0,0,0,0,0,0,0,0,0,0,0,0
7,0,45,0,0,0,0,0,0,0,0,0,0,0,0,0,0,0,0,771,0,761,746,738,0,726,714,706,0,699,697,0,688,682,681,0,676,676,674,0,674,676,0,677,684,684,0,691,688,710,0,731,0,0,0,0,0,0,0,0,0,0,0,0,0,0,0,0,0,0,0,0,0,0,0,0,0,0,0,0,0,0,0,0,0,0,0,0,0,0,0,0,0,0,0,0,0,0,0,0,0,0,0,767,768,773,772,644,635,647,625,629,621,0,617,612,609,0,603,600,602,597,599,600,604,603,611,614,620,629,638,659,667,0,684,686,702,0,692,723,0,0,0,0,0,0,0,0,0,0,0,0,0,0,0,0,0,0,0,0,0,0,0,0,0,0,0,0,0,0,0,0,0,0,0,0,0,0,0,0,0,0,0,0,0,0,0,0,0,0,0,0,0,0,0,0,0,0,0,0,734,747,769,739,734,718,733,714,681,709,681,667,680,669,670,644,674,669,680,0,682,682,685,683,674,691,0,665,668,687,675,694,0,0,0,0,0,0,0,0,0,0,0,0,0,0,0,0,0,0,0,0,0,0,0,0,0,0,0,0,0,0,0,0,0,0,0,0,0,0,0,0,0
7,0,46,0,0,0,0,0,0,0,0,0,0,0,0,0,0,0,0,771,0,761,746,738,0,726,714,706,0,699,697,0,688,682,681,0,676,676,674,0,674,676,0,677,684,684,0,691,688,710,0,731,0,0,0,0,0,0,0,0,0,0,0,0,0,0,0,0,0,0,0,0,0,0,0,0,0,0,0,0,0,0,0,0,0,0,0,0,0,0,0,0,0,0,0,0,0,0,0,0,0,0,0,767,768,773,772,644,635,647,625,629,621,0,617,612,609,0,603,600,602,597,599,600,604,603,611,614,620,629,638,659,667,0,684,686,702,0,692,723,0,0,0,0,0,0,0,0,0,0,0,0,0,0,0,0,0,0,0,0,0,0,0,0,0,0,0,0,0,0,0,0,0,0,0,0,0,0,0,0,0,0,0,0,0,0,0,0,0,0,0,0,0,0,0,0,0,0,0,0,734,747,769,739,734,718,733,714,681,709,681,667,680,669,670,644,674,669,680,0,682,682,685,683,674,691,0,665,668,687,675,694,0,0,0,0,0,0,0,0,0,0,0,0,0,0,0,0,0,0,0,0,0,0,0,0,0,0,0,0,0,0,0,0,0,0,0,0,0,0,0,0,0
7,0,47,0,0,0,0,0,0,0,0,0,0,1348,0,755,755,730,761,731,722,0,711,704,693,703,689,687,679,685,677,676,0,672,672,672,0,673,677,683,676,686,685,712,691,712,711,0,1366,0,0,0,0,0,0,0,0,0,0,0,0,0,0,0,0,0,0,0,0,0,0,0,0,0,0,0,0,0,0,0,0,0,0,0,0,0,0,0,0,0,0,0,0,0,0,0,1387,769,0,776,764,769,643,632,632,0,625,619,614,0,610,607,604,599,598,597,0,597,599,605,0,612,618,633,696,626,660,686,689,0,698,688,701,0,0,0,0,0,0,0,0,0,0,0,0,0,0,0,0,0,0,0,0,0,0,0,0,0,0,0,0,0,0,0,0,0,0,0,0,0,0,0,0,0,0,0,0,0,0,0,0,0,0,0,0,0,0,0,0,0,0,0,0,0,748,745,0,747,741,731,746,718,699,0,685,667,0,654,644,667,615,621,616,0,648,681,680,0,676,690,0,668,683,676,0,695,683,715,0,0,0,0,0,0,0,0,0,0,0,0,0,0,0,0,0,0,0,0,0,0,0,0,0,0,0,0,0,0,0,0,0,0,0,0,0,0,0,0,0,0,0,0,0
7,0,48,0,0,0,0,0,0,761,751,768,748,736,0,725,715,702,712,702,697,0,689,687,683,0,681,677,677,677,676,676,0,679,683,689,0,693,699,708,0,715,736,0,0,0,0,0,0,0,0,0,0,0,0,0,0,0,0,0,0,0,0,0,0,0,0,0,0,0,0,0,0,0,0,0,0,0,0,0,0,0,0,0,0,0,0,0,0,0,0,0,0,776,0,772,778,0,0,649,0,639,629,627,0,624,617,611,0,609,604,599,0,601,605,607,0,617,629,634,0,652,698,690,0,691,699,724,0,0,0,0,0,0,0,0,0,0,0,0,0,0,0,0,0,0,0,0,0,0,0,0,0,0,0,0,0,0,0,0,0,0,0,0,0,0,0,0,0,0,0,0,0,0,0,0,0,0,0,0,0,0,0,0,0,0,0,0,0,0,0,0,751,757,0,755,728,0,707,689,0,674,660,645,0,627,617,0,614,618,628,0,689,691,692,0,683,672,0,675,684,702,0,0,0,0,0,0,0,0,0,0,0,0,0,0,0,0,0,0,0,0,0,0,0,0,0,0,0,0,0,0,0,0,0,0,0,0,0,0,0,0,0,0,0,0,0,0,0,0,0,0,0
7,0,49,0,0,0,0,0,0,761,751,768,748,736,0,725,715,702,712,702,697,0,689,687,683,0,681,677,677,677,676,676,0,679,683,689,0,693,699,708,0,715,736,0,0,0,0,0,0,0,0,0,0,0,0,0,0,0,0,0,0,0,0,0,0,0,0,0,0,0,0,0,0,0,0,0,0,0,0,0,0,0,0,0,0,0,0,0,0,0,0,0,0,776,0,772,778,0,0,649,0,639,629,627,0,624,617,611,0,609,604,599,0,601,605,607,0,617,629,634,0,652,698,690,0,691,699,724,0,0,0,0,0,0,0,0,0,0,0,0,0,0,0,0,0,0,0,0,0,0,0,0,0,0,0,0,0,0,0,0,0,0,0,0,0,0,0,0,0,0,0,0,0,0,0,0,0,0,0,0,0,0,0,0,0,0,0,0,0,768,758,0,765,746,711,730,696,678,0,663,649,0,635,625,623,620,624,650,706,678,698,699,0,692,703,685,678,688,703,0,712,0,0,0,0,0,0,0,0,0,0,0,0,0,0,0,0,0,0,0,0,0,0,0,0,0,0,0,0,0,0,0,0,0,0,0,0,0,0,0,0,0,0,0,0,0,0,0,0,0,0,0,0
7,0,50,0,0,788,0,756,754,753,737,724,730,718,711,0,703,700,0,697,687,689,0,687,682,682,0,680,680,683,0,687,693,0,697,706,703,0,730,753,0,0,0,0,0,0,0,0,0,0,0,0,0,0,0,0,0,0,0,0,0,0,0,0,0,0,0,0,0,0,0,0,0,0,0,0,0,0,0,0,0,0,0,0,0,0,0,0,0,0,0,0,0,0,739,685,0,660,649,639,638,634,630,626,619,616,615,613,615,608,605,0,609,613,624,0,636,644,695,730,709,703,705,703,727,718,0,0,0,0,0,0,0,0,0,0,0,0,0,0,0,0,0,0,0,0,0,0,0,0,0,0,0,0,0,0,0,0,0,0,0,0,0,0,0,0,0,0,0,0,0,0,0,0,0,0,0,0,0,0,0,0,0,0,0,0,0,0,0,768,758,0,765,746,711,730,696,678,0,663,649,0,635,625,623,620,624,650,706,678,698,699,0,692,703,685,678,688,703,0,712,0,0,0,0,0,0,0,0,0,0,0,0,0,0,0,0,0,0,0,0,0,0,0,0,0,0,0,0,0,0,0,0,0,0,0,0,0,0,0,0,0,0,0,0,0,0,0,0,0,0,0,0
7,0,51,0,0,785,0,753,744,732,0,722,712,715,707,701,698,699,695,686,690,691,687,684,684,684,683,684,683,686,692,699,696,706,714,715,721,743,0,0,0,0,0,0,0,0,0,0,0,0,0,0,0,0,0,0,0,0,0,0,0,0,0,0,0,0,0,0,0,0,0,0,0,0,0,0,0,0,0,0,0,0,0,0,0,0,0,0,0,0,0,0,0,730,0,670,652,651,641,633,636,632,0,624,617,617,0,617,615,610,0,611,616,628,0,644,651,715,717,0,712,716,725,0,0,0,0,0,0,0,0,0,0,0,0,0,0,0,0,0,0,0,0,0,0,0,0,0,0,0,0,0,0,0,0,0,0,0,0,0,0,0,0,0,0,0,0,0,0,0,0,0,0,0,0,0,0,0,0,0,0,0,0,0,0,0,0,0,761,0,755,763,0,732,708,688,688,674,661,660,648,634,0,623,618,617,626,659,698,701,704,698,694,0,695,691,709,702,726,0,0,0,0,0,0,0,0,0,0,0,0,0,0,0,0,0,0,0,0,0,0,0,0,0,0,0,0,0,0,0,0,0,0,0,0,0,0,0,0,0,0,0,0,0,0,0,0,0,0,0,0,0,0
7,0,52,0,0,785,0,753,744,732,0,722,712,715,707,701,698,699,695,686,690,691,687,684,684,684,683,684,683,686,692,699,696,706,714,715,721,743,0,0,0,0,0,0,0,0,0,0,0,0,0,0,0,0,0,0,0,0,0,0,0,0,0,0,0,0,0,0,0,0,0,0,0,0,0,0,0,0,0,0,0,0,0,0,0,0,0,0,0,0,0,0,0,0,680,652,0,643,633,0,629,626,625,618,614,612,614,614,611,609,607,611,612,619,640,647,653,668,723,713,712,714,722,743,0,0,0,0,0,0,0,0,0,0,0,0,0,0,0,0,0,0,0,0,0,0,0,0,0,0,0,0,0,0,0,0,0,0,0,0,0,0,0,0,0,0,0,0,0,0,0,0,0,0,0,0,0,0,0,0,0,0,0,0,0,0,0,0,752,748,0,748,724,0,703,685,0,672,661,650,0,636,620,0,611,609,615,0,692,699,685,0,697,683,0,691,708,747,0,0,0,0,0,0,0,0,0,0,0,0,0,0,0,0,0,0,0,0,0,0,0,0,0,0,0,0,0,0,0,0,0,0,0,0,0,0,0,0,0,0,0,0,0,0,0,0,0,0,0,0,0,0,0
7,0,53,0,0,0,764,741,744,731,721,711,712,704,699,701,695,694,692,691,685,689,689,685,685,686,685,684,687,691,692,698,705,712,717,721,731,751,767,0,0,0,0,0,0,0,0,0,0,0,0,0,0,0,0,0,0,0,0,0,0,0,0,0,0,0,0,0,0,0,0,0,0,0,0,0,0,0,0,0,0,0,0,0,0,0,0,0,0,0,0,0,0,0,680,652,0,643,633,0,629,626,625,618,614,612,614,614,611,609,607,611,612,619,640,647,653,668,723,713,712,714,722,743,0,0,0,0,0,0,0,0,0,0,0,0,0,0,0,0,0,0,0,0,0,0,0,0,0,0,0,0,0,0,0,0,0,0,0,0,0,0,0,0,0,0,0,0,0,0,0,0,0,0,0,0,0,0,0,0,0,0,0,0,0,0,0,0,752,748,0,748,724,0,703,685,0,672,661,650,0,636,620,0,611,609,615,0,692,699,685,0,697,683,0,691,708,747,0,0,0,0,0,0,0,0,0,0,0,0,0,0,0,0,0,0,0,0,0,0,0,0,0,0,0,0,0,0,0,0,0,0,0,0,0,0,0,0,0,0,0,0,0,0,0,0,0,0,0,0,0,0,0
7,0,54,0,0,0,0,761,736,727,0,716,707,0,701,696,693,0,691,691,684,0,689,688,0,684,686,686,0,688,693,700,0,709,716,728,0,727,760,0,0,0,0,0,0,0,0,0,0,0,0,0,0,0,0,0,0,0,0,0,0,0,0,0,0,0,0,0,0,0,0,0,0,0,0,0,0,0,0,0,0,0,0,0,0,0,0,0,0,0,0,0,0,765,0,0,646,640,638,628,623,623,621,619,613,612,611,612,609,611,606,610,619,620,623,642,651,658,666,723,716,717,721,730,0,0,0,0,0,0,0,0,0,0,0,0,0,0,0,0,0,0,0,0,0,0,0,0,0,0,0,0,0,0,0,0,0,0,0,0,0,0,0,0,0,0,0,0,0,0,0,0,0,0,0,0,0,0,0,0,0,0,0,0,0,0,0,0,741,733,0,738,715,695,693,674,658,663,650,640,0,630,618,608,610,607,608,612,655,693,696,0,685,707,686,685,697,727,0,0,0,0,0,0,0,0,0,0,0,0,0,0,0,0,0,0,0,0,0,0,0,0,0,0,0,0,0,0,0,0,0,0,0,0,0,0,0,0,0,0,0,0,0,0,0,0,0,0,0,0,0,0,0
7,0,55,0,0,0,0,758,737,732,725,718,712,707,700,698,696,693,692,691,691,686,687,689,688,686,690,687,689,691,696,696,703,713,718,722,729,728,747,773,0,0,0,0,0,0,0,0,0,0,0,0,0,0,0,0,0,0,0,0,0,0,0,0,0,0,0,0,0,0,0,0,0,0,0,0,0,0,0,0,0,0,0,0,0,0,0,0,0,0,0,0,0,758,716,0,672,643,636,0,625,621,620,0,620,615,0,614,614,611,0,609,616,623,0,627,650,656,0,672,722,717,722,0,736,0,0,0,0,0,0,0,0,0,0,0,0,0,0,0,0,0,0,0,0,0,0,0,0,0,0,0,0,0,0,0,0,0,0,0,0,0,0,0,0,0,0,0,0,0,0,0,0,0,0,0,0,0,0,0,0,0,0,0,0,0,0,0,733,724,730,0,724,705,0,683,666,657,651,644,635,0,625,616,0,612,612,618,692,691,699,693,0,696,692,695,695,713,757,0,0,0,0,0,0,0,0,0,0,0,0,0,0,0,0,0,0,0,0,0,0,0,0,0,0,0,0,0,0,0,0,0,0,0,0,0,0,0,0,0,0,0,0,0,0,0,0,0,0,0,0,0,0
7,0,56,0,0,0,0,758,737,732,725,718,712,707,700,698,696,693,692,691,691,686,687,689,688,686,690,687,689,691,696,696,703,713,718,722,729,728,747,773,0,0,0,0,0,0,0,0,0,0,0,0,0,0,0,0,0,0,0,0,0,0,0,0,0,0,0,0,0,0,0,0,0,0,0,0,0,0,0,0,0,0,0,0,0,0,0,0,0,0,0,0,0,758,716,0,672,643,636,0,625,621,620,0,620,615,0,614,614,611,0,609,616,623,0,627,650,656,0,672,722,717,722,0,736,0,0,0,0,0,0,0,0,0,0,0,0,0,0,0,0,0,0,0,0,0,0,0,0,0,0,0,0,0,0,0,0,0,0,0,0,0,0,0,0,0,0,0,0,0,0,0,0,0,0,0,0,0,0,0,0,0,0,0,0,0,0,0,733,724,730,0,724,705,0,683,666,657,651,644,635,0,625,616,0,612,612,618,692,691,699,693,0,696,692,695,695,713,757,0,0,0,0,0,0,0,0,0,0,0,0,0,0,0,0,0,0,0,0,0,0,0,0,0,0,0,0,0,0,0,0,0,0,0,0,0,0,0,0,0,0,0,0,0,0,0,0,0,0,0,0,0,0
7,0,57,0,0,0,770,733,738,726,713,717,707,701,696,698,694,691,692,692,688,690,687,691,687,692,690,691,694,701,697,706,720,720,719,733,736,752,756,0,0,0,0,0,0,0,0,0,0,0,0,0,0,0,0,0,0,0,0,0,0,0,0,0,0,0,0,0,0,0,0,0,0,0,0,0,0,0,0,0,0,0,0,0,0,0,0,0,0,0,0,0,0,764,685,682,660,639,631,632,623,620,620,622,620,617,616,616,616,614,614,615,624,628,629,635,654,661,672,707,720,722,724,727,750,0,0,0,0,0,0,0,0,0,0,0,0,0,0,0,0,0,0,0,0,0,0,0,0,0,0,0,0,0,0,0,0,0,0,0,0,0,0,0,0,0,0,0,0,0,0,0,0,0,0,0,0,0,0,0,0,0,0,0,0,0,734,0,727,725,738,718,710,692,0,675,668,0,658,649,642,0,631,622,0,618,619,0,623,696,702,0,691,717,692,0,700,722,0,0,0,0,0,0,0,0,0,0,0,0,0,0,0,0,0,0,0,0,0,0,0,0,0,0,0,0,0,0,0,0,0,0,0,0,0,0,0,0,0,0,0,0,0,0,0,0,0,0,0,0,0,0,0
7,0,58,0,774,0,736,725,714,0,706,699,0,695,693,691,0,692,690,686,0,692,691,0,691,693,695,0,700,708,718,0,726,740,742,0,769,0,0,0,0,0,0,0,0,0,0,0,0,0,0,0,0,0,0,0,0,0,0,0,0,0,0,0,0,0,0,0,0,0,0,0,0,0,0,0,0,0,0,0,0,0,0,0,0,0,0,0,0,0,0,0,0,674,641,643,635,625,619,619,617,620,618,616,615,617,616,617,615,623,625,629,631,652,651,669,668,731,717,731,728,757,739,0,0,0,0,0,0,0,0,0,0,0,0,0,0,0,0,0,0,0,0,0,0,0,0,0,0,0,0,0,0,0,0,0,0,0,0,0,0,0,0,0,0,0,0,0,0,0,0,0,0,0,0,0,0,0,0,0,0,0,0,0,0,0,0,721,720,717,0,704,683,0,663,654,655,0,652,649,0,644,631,624,620,618,620,670,688,696,692,0,699,710,694,698,715,743,0,0,0,0,0,0,0,0,0,0,0,0,0,0,0,0,0,0,0,0,0,0,0,0,0,0,0,0,0,0,0,0,0,0,0,0,0,0,0,0,0,0,0,0,0,0,0,0,0,0,0,0,0,0,0
7,0,59,0,774,0,736,725,714,0,706,699,0,695,693,691,0,692,690,686,0,692,691,0,691,693,695,0,700,708,718,0,726,740,742,0,769,0,0,0,0,0,0,0,0,0,0,0,0,0,0,0,0,0,0,0,0,0,0,0,0,0,0,0,0,0,0,0,0,0,0,0,0,0,0,0,0,0,0,0,0,0,0,0,0,0,0,0,0,0,0,0,0,674,641,643,635,625,619,619,617,620,618,616,615,617,616,617,615,623,625,629,631,652,651,669,668,731,717,731,728,757,739,0,0,0,0,0,0,0,0,0,0,0,0,0,0,0,0,0,0,0,0,0,0,0,0,0,0,0,0,0,0,0,0,0,0,0,0,0,0,0,0,0,0,0,0,0,0,0,0,0,0,0,0,0,0,0,0,0,0,0,0,722,725,722,746,725,712,0,692,673,0,659,650,648,639,638,633,0,627,619,618,615,617,638,685,691,692,685,0,708,689,703,0,722,0,0,0,0,0,0,0,0,0,0,0,0,0,0,0,0,0,0,0,0,0,0,0,0,0,0,0,0,0,0,0,0,0,0,0,0,0,0,0,0,0,0,0,0,0,0,0,0,0,0,0,0,0,0,0,0,0
7,0,60,750,734,720,716,713,703,696,695,693,691,691,690,689,687,691,686,693,691,692,691,693,699,700,699,710,725,726,724,742,768,770,770,0,0,0,0,0,0,0,0,0,0,0,0,0,0,0,0,0,0,0,0,0,0,0,0,0,0,0,0,0,0,0,0,0,0,0,0,0,0,0,0,0,0,0,0,0,0,0,0,0,0,0,0,0,0,0,0,0,0,640,635,0,624,620,621,0,623,620,618,0,619,618,0,619,627,633,0,636,660,669,693,0,732,735,744,0,0,0,0,0,0,0,0,0,0,0,0,0,0,0,0,0,0,0,0,0,0,0,0,0,0,0,0,0,0,0,0,0,0,0,0,0,0,0,0,0,0,0,0,0,0,0,0,0,0,0,0,0,0,0,0,0,0,0,0,0,0,0,0,722,725,722,746,725,712,0,692,673,0,659,650,648,639,638,633,0,627,619,618,615,617,638,685,691,692,685,0,708,689,703,0,722,0,0,0,0,0,0,0,0,0,0,0,0,0,0,0,0,0,0,0,0,0,0,0,0,0,0,0,0,0,0,0,0,0,0,0,0,0,0,0,0,0,0,0,0,0,0,0,0,0,0,0,0,0,0,0,0,0
7,0,61,722,0,712,704,698,0,694,692,693,692,692,690,697,694,694,693,0,695,696,702,699,706,716,730,723,740,744,778,754,794,0,0,0,0,0,0,0,0,0,0,0,0,0,0,0,0,0,0,0,0,0,0,0,0,0,0,0,0,0,0,0,0,0,0,0,0,0,0,0,0,0,0,0,0,0,0,0,0,0,0,0,0,0,0,0,0,0,0,0,0,0,629,623,623,0,624,623,622,0,622,621,619,622,627,634,636,645,655,674,708,736,736,737,745,750,0,0,0,0,0,0,0,0,0,0,0,0,0,0,0,0,0,0,0,0,0,0,0,0,0,0,0,0,0,0,0,0,0,0,0,0,0,0,0,0,0,0,0,0,0,0,0,0,0,0,0,0,0,0,0,0,0,0,0,0,0,0,0,0,0,730,745,0,717,695,0,673,656,645,0,636,630,0,631,625,617,0,611,610,0,614,621,685,0,692,682,716,0,689,700,0,732,0,0,0,0,0,0,0,0,0,0,0,0,0,0,0,0,0,0,0,0,0,0,0,0,0,0,0,0,0,0,0,0,0,0,0,0,0,0,0,0,0,0,0,0,0,0,0,0,0,0,0,0,0,0,0,0,0,0
7,0,62,722,0,712,704,698,0,694,692,693,692,692,690,697,694,694,693,0,695,696,702,699,706,716,730,723,740,744,778,754,794,0,0,0,0,0,0,0,0,0,0,0,0,0,0,0,0,0,0,0,0,0,0,0,0,0,0,0,0,0,0,0,0,0,0,0,0,0,0,0,0,0,0,0,0,0,0,0,0,0,0,0,0,0,0,0,0,0,0,0,0,0,624,625,625,0,622,622,624,0,620,622,0,633,636,643,668,0,678,739,736,0,738,748,0,0,0,0,0,0,0,0,0,0,0,0,0,0,0,0,0,0,0,0,0,0,0,0,0,0,0,0,0,0,0,0,0,0,0,0,0,0,0,0,0,0,0,0,0,0,0,0,0,0,0,0,0,0,0,0,0,0,0,0,0,0,0,0,0,0,0,734,0,713,684,663,0,648,637,0,630,624,0,620,617,611,0,606,606,611,0,620,682,689,0,682,703,0,689,696,723,0,0,0,0,0,0,0,0,0,0,0,0,0,0,0,0,0,0,0,0,0,0,0,0,0,0,0,0,0,0,0,0,0,0,0,0,0,0,0,0,0,0,0,0,0,0,0,0,0,0,0,0,0,0,0,0,0,0,0,0
7,0,63,712,0,703,697,693,0,691,692,691,0,689,697,694,0,692,694,0,695,699,706,0,716,725,741,0,743,773,801,0,0,0,0,0,0,0,0,0,0,0,0,0,0,0,0,0,0,0,0,0,0,0,0,0,0,0,0,0,0,0,0,0,0,0,0,0,0,0,0,0,0,0,0,0,0,0,0,0,0,0,0,0,0,0,0,0,0,0,0,0,0,0,624,625,625,0,622,622,624,0,620,622,0,633,636,643,668,0,678,739,736,0,738,748,0,0,0,0,0,0,0,0,0,0,0,0,0,0,0,0,0,0,0,0,0,0,0,0,0,0,0,0,0,0,0,0,0,0,0,0,0,0,0,0,0,0,0,0,0,0,0,0,0,0,0,0,0,0,0,0,0,0,0,0,0,0,0,0,0,0,0,734,0,713,684,663,0,648,637,0,630,624,0,620,617,611,0,606,606,611,0,620,682,689,0,682,703,0,689,696,723,0,0,0,0,0,0,0,0,0,0,0,0,0,0,0,0,0,0,0,0,0,0,0,0,0,0,0,0,0,0,0,0,0,0,0,0,0,0,0,0,0,0,0,0,0,0,0,0,0,0,0,0,0,0,0,0,0,0,0,0
7,0,64,702,695,0,691,688,688,690,688,686,0,693,690,688,0,689,692,695,0,700,709,719,0,734,739,766,0,793,0,0,0,0,0,0,0,0,0,0,0,0,0,0,0,0,0,0,0,0,0,0,0,0,0,0,0,0,0,0,0,0,0,0,0,0,0,0,0,0,0,0,0,0,0,0,0,0,0,0,0,0,0,0,0,0,0,0,0,0,0,0,0,0,625,625,0,621,621,623,621,618,620,630,636,636,643,666,673,681,715,735,736,0,746,762,0,0,0,0,0,0,0,0,0,0,0,0,0,0,0,0,0,0,0,0,0,0,0,0,0,0,0,0,0,0,0,0,0,0,0,0,0,0,0,0,0,0,0,0,0,0,0,0,0,0,0,0,0,0,0,0,0,0,0,0,0,0,0,0,0,0,0,718,0,688,665,650,0,639,631,0,626,621,0,616,609,604,0,603,609,617,623,681,686,686,677,698,685,0,691,717,0,0,0,0,0,0,0,0,0,0,0,0,0,0,0,0,0,0,0,0,0,0,0,0,0,0,0,0,0,0,0,0,0,0,0,0,0,0,0,0,0,0,0,0,0,0,0,0,0,0,0,0,0,0,0,0,0,0,0,0,0
7,0,65,694,689,685,687,685,686,682,683,687,690,0,686,687,688,0,690,694,701,0,710,723,737,0,736,774,0,0,0,0,0,0,0,0,0,0,0,0,0,0,0,0,0,0,0,0,0,0,0,0,0,0,0,0,0,0,0,0,0,0,0,0,0,0,0,0,0,0,0,0,0,0,0,0,0,0,0,0,0,0,0,0,0,0,0,0,0,0,0,0,0,627,624,619,619,621,623,620,620,619,628,635,636,644,668,675,682,737,736,737,742,750,0,0,0,0,0,0,0,0,0,0,0,0,0,0,0,0,0,0,0,0,0,0,0,0,0,0,0,0,0,0,0,0,0,0,0,0,0,0,0,0,0,0,0,0,0,0,0,0,0,0,0,0,0,0,0,0,0,0,0,0,0,0,0,0,0,0,0,0,0,701,0,674,660,0,649,641,633,640,631,626,0,619,609,0,606,608,617,669,0,684,688,0,680,718,687,0,705,731,0,0,0,0,0,0,0,0,0,0,0,0,0,0,0,0,0,0,0,0,0,0,0,0,0,0,0,0,0,0,0,0,0,0,0,0,0,0,0,0,0,0,0,0,0,0,0,0,0,0,0,0,0,0,0,0,0,0,0,0,0
7,0,66,694,689,685,687,685,686,682,683,687,690,0,686,687,688,0,690,694,701,0,710,723,737,0,736,774,0,0,0,0,0,0,0,0,0,0,0,0,0,0,0,0,0,0,0,0,0,0,0,0,0,0,0,0,0,0,0,0,0,0,0,0,0,0,0,0,0,0,0,0,0,0,0,0,0,0,0,0,0,0,0,0,0,0,0,0,0,0,0,0,0,627,624,619,619,621,623,620,620,619,628,635,636,644,668,675,682,737,736,737,742,750,0,0,0,0,0,0,0,0,0,0,0,0,0,0,0,0,0,0,0,0,0,0,0,0,0,0,0,0,0,0,0,0,0,0,0,0,0,0,0,0,0,0,0,0,0,0,0,0,0,0,0,0,0,0,0,0,0,0,0,0,0,0,0,0,0,0,0,0,0,701,0,674,660,0,649,641,633,640,631,626,0,619,609,0,606,608,617,669,0,684,688,0,680,718,687,0,705,731,0,0,0,0,0,0,0,0,0,0,0,0,0,0,0,0,0,0,0,0,0,0,0,0,0,0,0,0,0,0,0,0,0,0,0,0,0,0,0,0,0,0,0,0,0,0,0,0,0,0,0,0,0,0,0,0,0,0,0,0,0
7,0,67,0,687,684,0,683,684,681,0,682,689,0,684,685,687,0,689,693,700,0,709,722,736,0,739,776,802,0,0,0,0,0,0,0,0,0,0,0,0,0,0,0,0,0,0,0,0,0,0,0,0,0,0,0,0,0,0,0,0,0,0,0,0,0,0,0,0,0,0,0,0,0,0,0,0,0,0,0,0,0,0,0,0,0,0,0,0,0,0,0,0,628,0,625,619,621,0,624,622,621,0,629,636,651,0,673,687,744,742,0,747,760,0,0,0,0,0,0,0,0,0,0,0,0,0,0,0,0,0,0,0,0,0,0,0,0,0,0,0,0,0,0,0,0,0,0,0,0,0,0,0,0,0,0,0,0,0,0,0,0,0,0,0,0,0,0,0,0,0,0,0,0,0,0,0,0,0,0,0,0,0,709,0,682,669,0,659,651,0,646,644,639,0,634,621,0,615,615,620,624,691,691,691,694,686,718,0,689,707,734,0,0,0,0,0,0,0,0,0,0,0,0,0,0,0,0,0,0,0,0,0,0,0,0,0,0,0,0,0,0,0,0,0,0,0,0,0,0,0,0,0,0,0,0,0,0,0,0,0,0,0,0,0,0,0,0,0,0,0,0,0
7,0,68,0,687,683,680,0,679,680,0,678,681,686,0,683,684,686,0,688,693,700,0,710,723,736,0,753,782,795,0,0,0,0,0,0,0,0,0,0,0,0,0,0,0,0,0,0,0,0,0,0,0,0,0,0,0,0,0,0,0,0,0,0,0,0,0,0,0,0,0,0,0,0,0,0,0,0,0,0,0,0,0,0,0,0,0,0,0,0,0,0,0,0,626,625,619,0,618,622,623,0,621,626,636,0,645,671,682,748,746,745,748,760,756,0,0,0,0,0,0,0,0,0,0,0,0,0,0,0,0,0,0,0,0,0,0,0,0,0,0,0,0,0,0,0,0,0,0,0,0,0,0,0,0,0,0,0,0,0,0,0,0,0,0,0,0,0,0,0,0,0,0,0,0,0,0,0,0,0,0,0,0,741,715,687,0,673,663,654,655,649,647,647,643,637,630,632,623,621,621,626,686,695,697,698,696,712,699,708,700,699,718,0,0,0,0,0,0,0,0,0,0,0,0,0,0,0,0,0,0,0,0,0,0,0,0,0,0,0,0,0,0,0,0,0,0,0,0,0,0,0,0,0,0,0,0,0,0,0,0,0,0,0,0,0,0,0,0,0,0,0,0
7,0,69,0,687,683,680,0,679,680,0,678,681,686,0,683,684,686,0,688,693,700,0,710,723,736,0,753,782,795,0,0,0,0,0,0,0,0,0,0,0,0,0,0,0,0,0,0,0,0,0,0,0,0,0,0,0,0,0,0,0,0,0,0,0,0,0,0,0,0,0,0,0,0,0,0,0,0,0,0,0,0,0,0,0,0,0,0,0,0,0,0,0,0,626,625,619,0,618,622,623,0,621,626,636,0,645,671,682,748,746,745,748,760,756,0,0,0,0,0,0,0,0,0,0,0,0,0,0,0,0,0,0,0,0,0,0,0,0,0,0,0,0,0,0,0,0,0,0,0,0,0,0,0,0,0,0,0,0,0,0,0,0,0,0,0,0,0,0,0,0,0,0,0,0,0,0,0,0,0,0,0,0,0,728,0,702,680,0,666,656,649,648,643,640,0,637,632,625,0,620,619,0,628,698,702,0,702,694,718,0,710,707,725,0,0,0,0,0,0,0,0,0,0,0,0,0,0,0,0,0,0,0,0,0,0,0,0,0,0,0,0,0,0,0,0,0,0,0,0,0,0,0,0,0,0,0,0,0,0,0,0,0,0,0,0,0,0,0,0,0,0,0
7,0,70,696,691,686,680,0,676,674,673,0,677,673,0,680,682,679,0,682,684,688,0,694,702,713,0,728,738,766,0,792,0,0,0,0,0,0,0,0,0,0,0,0,0,0,0,0,0,0,0,0,0,0,0,0,0,0,0,0,0,0,0,0,0,0,0,0,0,0,0,0,0,0,0,0,0,0,0,0,0,0,0,0,0,0,0,0,0,0,0,0,0,623,618,621,613,617,613,614,609,613,619,614,613,619,636,631,631,654,673,745,675,741,742,760,742,754,0,0,0,0,0,0,0,0,0,0,0,0,0,0,0,0,0,0,0,0,0,0,0,0,0,0,0,0,0,0,0,0,0,0,0,0,0,0,0,0,0,0,0,0,0,0,0,0,0,0,0,0,0,0,0,0,0,0,0,0,0,0,0,0,0,0,728,0,702,680,0,666,656,649,648,643,640,0,637,632,625,0,620,619,0,628,698,702,0,702,694,718,0,710,707,725,0,0,0,0,0,0,0,0,0,0,0,0,0,0,0,0,0,0,0,0,0,0,0,0,0,0,0,0,0,0,0,0,0,0,0,0,0,0,0,0,0,0,0,0,0,0,0,0,0,0,0,0,0,0,0,0,0,0,0
7,0,71,715,0,692,689,683,0,677,672,0,670,669,666,673,668,673,668,678,672,677,673,683,683,688,0,695,704,717,0,726,747,741,0,757,1402,0,0,0,0,0,0,0,0,0,0,0,0,0,0,0,0,0,0,0,0,0,0,0,0,0,0,0,0,0,0,0,0,0,0,0,0,0,0,0,0,0,0,0,0,0,0,0,0,0,0,0,0,0,0,0,0,628,0,612,613,607,0,605,607,0,606,600,600,0,605,607,606,0,611,626,635,0,663,672,735,734,0,740,759,0,0,0,0,0,0,0,0,0,0,0,0,0,0,0,0,0,0,0,0,0,0,0,0,0,0,0,0,0,0,0,0,0,0,0,0,0,0,0,0,0,0,0,0,0,0,0,0,0,0,0,0,0,0,0,0,0,0,0,0,0,0,700,716,0,731,699,0,677,662,0,652,643,636,0,633,629,0,624,618,613,0,611,616,697,615,691,700,0,698,712,700,0,722,715,0,720,0,0,0,0,0,0,0,0,0,0,0,0,0,0,0,0,0,0,0,0,0,0,0,0,0,0,0,0,0,0,0,0,0,0,0,0,0,0,0,0,0,0,0,0,0,0,0,0,0,0,0,0,0,0,0
7,0,72,715,0,692,689,683,0,677,672,0,670,669,666,673,668,673,668,678,672,677,673,683,683,688,0,695,704,717,0,726,747,741,0,757,1402,0,0,0,0,0,0,0,0,0,0,0,0,0,0,0,0,0,0,0,0,0,0,0,0,0,0,0,0,0,0,0,0,0,0,0,0,0,0,0,0,0,0,0,0,0,0,0,0,0,0,0,0,0,0,0,0,676,0,658,660,672,606,620,609,0,604,596,597,0,594,589,591,0,595,594,592,0,598,607,615,0,628,642,675,733,646,702,723,728,0,1369,1384,0,0,0,0,0,0,0,0,0,0,0,0,0,0,0,0,0,0,0,0,0,0,0,0,0,0,0,0,0,0,0,0,0,0,0,0,0,0,0,0,0,0,0,0,0,0,0,0,0,0,0,0,0,0,0,0,0,689,0,0,691,680,0,661,669,653,0,641,633,628,623,620,614,0,610,604,0,600,598,603,0,634,644,676,0,687,690,713,0,696,705,0,692,702,721,0,0,0,0,0,0,0,0,0,0,0,0,0,0,0,0,0,0,0,0,0,0,0,0,0,0,0,0,0,0,0,0,0,0,0,0,0,0,0,0,0,0,0,0,0,0,0,0,0
7,0,73,0,0,0,1307,688,0,683,694,0,681,675,672,0,667,665,663,0,662,663,0,661,662,667,0,668,670,675,0,679,685,694,0,703,712,725,0,743,728,744,0,1375,0,0,0,0,0,0,0,0,0,0,0,0,0,0,0,0,0,0,0,0,0,0,0,0,0,0,0,0,0,0,0,0,0,0,0,0,0,0,0,0,0,0,0,0,0,0,0,0,0,676,0,658,660,672,606,620,609,0,604,596,597,0,594,589,591,0,595,594,592,0,598,607,615,0,628,642,675,733,646,702,723,728,0,1369,1384,0,0,0,0,0,0,0,0,0,0,0,0,0,0,0,0,0,0,0,0,0,0,0,0,0,0,0,0,0,0,0,0,0,0,0,0,0,0,0,0,0,0,0,0,0,0,0,0,0,0,0,0,0,0,0,0,0,689,0,0,691,680,0,661,669,653,0,641,633,628,623,620,614,0,610,604,0,600,598,603,0,634,644,676,0,687,690,713,0,696,705,0,692,702,721,0,0,0,0,0,0,0,0,0,0,0,0,0,0,0,0,0,0,0,0,0,0,0,0,0,0,0,0,0,0,0,0,0,0,0,0,0,0,0,0,0,0,0,0,0,0,0,0,0
7,0,74,0,0,0,0,0,0,0,0,0,0,0,708,0,686,674,673,0,666,664,0,661,657,657,0,657,657,661,0,663,661,666,0,670,673,679,0,685,693,0,704,715,726,0,741,745,0,0,0,0,0,0,0,0,0,0,0,0,0,0,0,0,0,0,0,0,0,0,0,0,0,0,0,0,0,0,0,0,0,0,0,0,0,0,0,0,0,0,0,0,0,0,0,0,0,682,0,678,684,693,0,660,650,707,606,616,601,0,597,586,586,0,587,584,583,0,586,589,589,0,591,597,604,0,613,631,644,729,637,694,727,0,729,1367,1373,0,0,0,0,0,0,0,0,0,0,0,0,0,0,0,0,0,0,0,0,0,0,0,0,0,0,0,0,0,0,0,0,0,0,0,0,0,0,0,0,0,0,0,0,0,0,0,0,0,0,0,0,0,0,0,0,1038,667,0,678,698,671,0,664,658,673,635,644,635,0,626,616,0,608,602,606,589,595,599,663,593,636,672,0,681,689,691,0,711,698,722,0,702,718,0,0,0,0,0,0,0,0,0,0,0,0,0,0,0,0,0,0,0,0,0,0,0,0,0,0,0,0,0,0,0,0,0,0,0,0,0,0,0,0,0,0
7,0,75,0,0,0,0,0,0,0,0,0,0,0,0,0,0,0,705,0,682,695,681,0,676,672,674,663,666,664,666,660,664,664,0,665,666,670,0,670,677,679,0,686,692,700,0,712,722,735,0,748,746,774,0,0,0,0,0,0,0,0,0,0,0,0,0,0,0,0,0,0,0,0,0,0,0,0,0,0,0,0,0,0,0,0,0,0,0,0,0,0,0,0,0,0,0,0,0,0,0,0,0,0,691,688,0,694,712,650,0,619,608,0,593,591,587,0,583,584,588,0,592,592,0,594,598,597,0,603,620,624,641,0,658,687,730,0,734,747,0,0,0,0,0,0,0,0,0,0,0,0,0,0,0,0,0,0,0,0,0,0,0,0,0,0,0,0,0,0,0,0,0,0,0,0,0,0,0,0,0,0,0,0,0,0,0,0,0,0,0,0,0,0,0,0,0,0,0,0,0,667,0,662,668,0,679,668,659,0,648,639,0,633,629,625,0,616,607,0,601,603,671,0,686,692,699,0,709,712,0,712,721,753,0,0,0,0,0,0,0,0,0,0,0,0,0,0,0,0,0,0,0,0,0,0,0,0,0,0,0,0,0,0,0,0,0,0,0,0,0,0,0
7,0,76,0,0,0,0,0,0,0,0,0,0,0,0,0,0,0,705,0,682,695,681,0,676,672,674,663,666,664,666,660,664,664,0,665,666,670,0,670,677,679,0,686,692,700,0,712,722,735,0,748,746,774,0,0,0,0,0,0,0,0,0,0,0,0,0,0,0,0,0,0,0,0,0,0,0,0,0,0,0,0,0,0,0,0,0,0,0,0,0,0,0,0,0,0,0,0,0,0,0,0,0,0,691,688,0,694,712,650,0,619,608,0,593,591,587,0,583,584,588,0,592,592,0,594,598,597,0,603,620,624,641,0,658,687,730,0,734,747,0,0,0,0,0,0,0,0,0,0,0,0,0,0,0,0,0,0,0,0,0,0,0,0,0,0,0,0,0,0,0,0,0,0,0,0,0,0,0,0,0,0,0,0,0,0,0,0,0,0,0,0,0,0,0,0,0,0,0,0,0,0,0,672,0,669,665,681,670,678,668,676,667,661,651,656,643,642,642,641,643,647,645,658,673,665,683,690,702,693,708,712,715,707,723,0,756,0,0,0,0,0,0,0,0,0,0,0,0,0,0,0,0,0,0,0,0,0,0,0,0,0,0,0,0,0,0,0,0,0,0,0,0
7,0,77,0,0,0,0,0,0,0,0,0,0,0,0,0,0,0,0,0,0,0,0,705,0,699,694,688,0,683,681,0,677,674,673,0,672,674,675,0,674,676,680,679,682,688,0,693,700,709,0,720,730,741,0,754,771,0,0,0,0,0,0,0,0,0,0,0,0,0,0,0,0,0,0,0,0,0,0,0,0,0,0,0,0,0,0,0,0,0,0,0,0,0,0,0,0,0,0,0,0,0,0,0,0,0,702,700,697,0,701,686,628,666,624,609,0,598,595,590,0,588,590,594,595,594,594,600,596,599,602,618,610,623,629,651,0,665,705,732,746,735,751,0,0,0,0,0,0,0,0,0,0,0,0,0,0,0,0,0,0,0,0,0,0,0,0,0,0,0,0,0,0,0,0,0,0,0,0,0,0,0,0,0,0,0,0,0,0,0,0,0,0,0,0,0,0,0,0,0,0,0,0,672,0,669,665,681,670,678,668,676,667,661,651,656,643,642,642,641,643,647,645,658,673,665,683,690,702,693,708,712,715,707,723,0,756,0,0,0,0,0,0,0,0,0,0,0,0,0,0,0,0,0,0,0,0,0,0,0,0,0,0,0,0,0,0,0,0,0,0,0,0
7,0,78,0,0,0,0,0,0,0,0,0,0,0,0,0,0,0,0,0,0,0,0,0,733,0,711,708,699,0,696,691,685,0,682,680,0,678,680,681,0,677,682,682,0,685,689,694,0,701,709,718,0,726,739,0,741,788,0,0,0,0,0,0,0,0,0,0,0,0,0,0,0,0,0,0,0,0,0,0,0,0,0,0,0,0,0,0,0,0,0,0,0,0,0,0,0,0,0,0,0,0,0,0,0,0,0,0,708,0,703,710,722,0,0,627,0,606,602,598,0,592,593,597,0,598,595,596,0,601,601,607,0,616,620,630,0,654,664,723,0,726,735,768,0,0,0,0,0,0,0,0,0,0,0,0,0,0,0,0,0,0,0,0,0,0,0,0,0,0,0,0,0,0,0,0,0,0,0,0,0,0,0,0,0,0,0,0,0,0,0,0,0,0,0,0,0,0,0,0,0,0,0,0,0,0,0,677,666,669,678,676,682,684,664,661,664,651,645,647,644,644,647,616,629,665,645,679,681,690,689,700,698,701,697,706,734,0,0,0,0,0,0,0,0,0,0,0,0,0,0,0,0,0,0,0,0,0,0,0,0,0,0,0,0,0,0,0,0,0,0,0,0
7,0,79,0,0,0,0,0,0,0,0,0,0,0,0,0,0,0,0,0,0,0,0,0,733,0,711,708,699,0,696,691,685,0,682,680,0,678,680,681,0,677,682,682,0,685,689,694,0,701,709,718,0,726,739,0,741,788,0,0,0,0,0,0,0,0,0,0,0,0,0,0,0,0,0,0,0,0,0,0,0,0,0,0,0,0,0,0,0,0,0,0,0,0,0,0,0,0,0,0,0,0,0,0,0,0,0,0,708,0,703,710,722,0,0,627,0,606,602,598,0,592,593,597,0,598,595,596,0,601,601,607,0,616,620,630,0,654,664,723,0,726,735,768,0,0,0,0,0,0,0,0,0,0,0,0,0,0,0,0,0,0,0,0,0,0,0,0,0,0,0,0,0,0,0,0,0,0,0,0,0,0,0,0,0,0,0,0,0,0,0,0,0,0,0,0,0,0,0,0,0,0,0,0,0,0,0,692,0,680,684,0,690,692,672,0,669,659,0,651,644,0,607,598,595,0,600,680,680,0,686,696,690,0,692,695,0,715,0,0,0,0,0,0,0,0,0,0,0,0,0,0,0,0,0,0,0,0,0,0,0,0,0,0,0,0,0,0,0,0,0,0,0
7,0,80,0,0,0,0,0,0,0,0,0,0,0,0,0,0,0,0,0,0,0,0,0,744,722,724,721,711,711,711,702,695,691,691,687,683,684,686,685,683,681,683,685,685,690,691,693,697,704,709,714,722,728,736,741,760,0,0,0,0,0,0,0,0,0,0,0,0,0,0,0,0,0,0,0,0,0,0,0,0,0,0,0,0,0,0,0,0,0,0,0,0,0,0,0,0,0,0,0,0,0,0,0,0,0,0,0,0,0,712,714,721,0,649,635,0,613,609,602,0,596,596,599,0,600,597,598,0,600,599,603,0,614,618,627,0,650,659,717,720,721,728,749,0,0,0,0,0,0,0,0,0,0,0,0,0,0,0,0,0,0,0,0,0,0,0,0,0,0,0,0,0,0,0,0,0,0,0,0,0,0,0,0,0,0,0,0,0,0,0,0,0,0,0,0,0,0,0,0,0,0,0,0,0,0,0,692,0,680,684,0,690,692,672,0,669,659,0,651,644,0,607,598,595,0,600,680,680,0,686,696,690,0,692,695,0,715,0,0,0,0,0,0,0,0,0,0,0,0,0,0,0,0,0,0,0,0,0,0,0,0,0,0,0,0,0,0,0,0,0,0,0
7,0,81,0,0,0,0,0,0,0,0,0,0,0,0,0,0,0,0,0,0,0,0,0,0,739,736,729,724,723,716,709,704,700,696,693,691,691,689,690,683,685,688,686,691,691,693,695,700,702,707,717,720,724,734,736,773,789,0,0,0,0,0,0,0,0,0,0,0,0,0,0,0,0,0,0,0,0,0,0,0,0,0,0,0,0,0,0,0,0,0,0,0,0,0,0,0,0,0,0,0,0,0,0,0,0,0,0,0,725,0,727,736,0,0,641,618,0,615,605,0,601,602,603,0,602,599,600,0,600,599,604,0,615,618,634,0,651,662,718,719,0,726,749,0,0,0,0,0,0,0,0,0,0,0,0,0,0,0,0,0,0,0,0,0,0,0,0,0,0,0,0,0,0,0,0,0,0,0,0,0,0,0,0,0,0,0,0,0,0,0,0,0,0,0,0,0,0,0,0,0,0,0,0,0,0,0,705,0,691,700,0,699,699,680,0,675,663,0,656,651,644,654,637,647,0,670,681,682,0,682,691,687,688,687,694,0,717,0,0,0,0,0,0,0,0,0,0,0,0,0,0,0,0,0,0,0,0,0,0,0,0,0,0,0,0,0,0,0,0,0,0,0
7,0,82,0,0,0,0,0,0,0,0,0,0,0,0,0,0,0,0,0,0,0,0,0,0,739,736,729,724,723,716,709,704,700,696,693,691,691,689,690,683,685,688,686,691,691,693,695,700,702,707,717,720,724,734,736,773,789,0,0,0,0,0,0,0,0,0,0,0,0,0,0,0,0,0,0,0,0,0,0,0,0,0,0,0,0,0,0,0,0,0,0,0,0,0,0,0,0,0,0,0,0,0,0,0,0,0,0,0,728,0,727,737,0,668,645,622,0,616,610,0,603,604,605,0,602,599,600,0,600,597,600,0,613,618,630,0,649,658,719,717,0,723,738,0,0,0,0,0,0,0,0,0,0,0,0,0,0,0,0,0,0,0,0,0,0,0,0,0,0,0,0,0,0,0,0,0,0,0,0,0,0,0,0,0,0,0,0,0,0,0,0,0,0,0,0,0,0,0,0,0,0,0,0,0,0,0,0,712,698,706,700,714,705,0,696,686,674,682,664,661,0,655,638,0,645,678,685,0,686,686,689,0,681,693,0,682,695,704,0,0,0,0,0,0,0,0,0,0,0,0,0,0,0,0,0,0,0,0,0,0,0,0,0,0,0,0,0,0,0,0,0,0
7,0,83,0,0,0,0,0,0,0,0,0,0,0,0,0,0,0,0,0,0,0,0,0,0,0,740,731,0,724,721,712,0,702,698,0,692,690,690,0,688,682,687,0,685,689,691,0,694,700,0,705,715,721,0,733,743,784,0,0,0,0,0,0,0,0,0,0,0,0,0,0,0,0,0,0,0,0,0,0,0,0,0,0,0,0,0,0,0,0,0,0,0,0,0,0,0,0,0,0,0,0,0,0,0,0,0,0,0,728,0,727,737,0,668,645,622,0,616,610,0,603,604,605,0,602,599,600,0,600,597,600,0,613,618,630,0,649,658,719,717,0,723,738,0,0,0,0,0,0,0,0,0,0,0,0,0,0,0,0,0,0,0,0,0,0,0,0,0,0,0,0,0,0,0,0,0,0,0,0,0,0,0,0,0,0,0,0,0,0,0,0,0,0,0,0,0,0,0,0,0,0,0,0,0,0,0,0,712,698,706,700,714,705,0,696,686,674,682,664,661,0,655,638,0,645,678,685,0,686,686,689,0,681,693,0,682,695,704,0,0,0,0,0,0,0,0,0,0,0,0,0,0,0,0,0,0,0,0,0,0,0,0,0,0,0,0,0,0,0,0,0,0
7,0,84,0,0,0,0,0,0,0,0,0,0,0,0,0,0,0,0,0,0,0,0,0,0,0,0,734,725,0,718,712,707,0,699,693,0,686,682,681,0,680,677,675,0,677,679,0,680,683,687,0,692,700,707,0,716,725,750,0,748,0,0,0,0,0,0,0,0,0,0,0,0,0,0,0,0,0,0,0,0,0,0,0,0,0,0,0,0,0,0,0,0,0,0,0,0,0,0,0,0,0,0,0,0,0,0,0,0,0,729,720,727,714,717,675,0,634,618,610,605,602,596,600,591,595,593,0,591,591,592,0,592,593,601,0,610,623,637,664,640,682,713,722,708,726,725,0,0,0,0,0,0,0,0,0,0,0,0,0,0,0,0,0,0,0,0,0,0,0,0,0,0,0,0,0,0,0,0,0,0,0,0,0,0,0,0,0,0,0,0,0,0,0,0,0,0,0,0,0,0,0,0,0,0,0,0,0,0,706,0,694,711,702,0,701,697,0,685,671,659,0,651,612,0,595,600,671,0,679,681,0,683,684,670,0,702,670,0,676,691,726,0,0,0,0,0,0,0,0,0,0,0,0,0,0,0,0,0,0,0,0,0,0,0,0,0,0,0,0,0,0,0
7,0,85,0,0,0,0,0,0,0,0,0,0,0,0,0,0,0,0,0,0,0,0,0,0,0,0,0,0,0,0,1359,710,0,705,703,694,690,685,681,676,669,670,666,658,668,659,660,656,665,657,661,652,671,665,670,659,689,680,687,0,695,709,697,0,1353,728,0,0,0,0,0,0,0,0,0,0,0,0,0,0,0,0,0,0,0,0,0,0,0,0,0,0,0,0,0,0,0,0,0,0,0,0,0,0,0,0,0,0,0,0,0,0,0,704,703,697,712,674,690,661,610,613,608,592,589,581,0,581,576,572,0,571,573,566,580,570,573,567,592,582,590,605,0,611,645,658,0,664,701,688,694,0,1355,0,0,0,0,0,0,0,0,0,0,0,0,0,0,0,0,0,0,0,0,0,0,0,0,0,0,0,0,0,0,0,0,0,0,0,0,0,0,0,0,0,0,0,0,0,0,0,0,0,0,0,0,0,0,0,0,0,694,687,691,0,689,690,676,685,635,626,622,615,606,601,595,589,580,588,585,620,590,675,664,668,667,670,672,675,666,666,670,664,700,674,691,0,0,0,0,0,0,0,0,0,0,0,0,0,0,0,0,0,0,0,0,0,0,0,0,0,0,0
7,0,86,0,0,0,0,0,0,0,0,0,0,0,0,0,0,0,0,0,0,0,0,0,0,0,0,0,0,0,0,1359,710,0,705,703,694,690,685,681,676,669,670,666,658,668,659,660,656,665,657,661,652,671,665,670,659,689,680,687,0,695,709,697,0,1353,728,0,0,0,0,0,0,0,0,0,0,0,0,0,0,0,0,0,0,0,0,0,0,0,0,0,0,0,0,0,0,0,0,0,0,0,0,0,0,0,0,0,0,0,0,0,0,0,704,703,697,712,674,690,661,610,613,608,592,589,581,0,581,576,572,0,571,573,566,580,570,573,567,592,582,590,605,0,611,645,658,0,664,701,688,694,0,1355,0,0,0,0,0,0,0,0,0,0,0,0,0,0,0,0,0,0,0,0,0,0,0,0,0,0,0,0,0,0,0,0,0,0,0,0,0,0,0,0,0,0,0,0,0,0,0,0,0,0,0,0,0,0,0,0,0,0,0,0,0,0,665,662,687,657,672,642,653,621,631,631,597,601,588,588,571,572,573,563,567,578,560,641,605,621,638,664,657,659,659,656,664,655,669,669,653,0,0,0,0,0,0,0,0,0,0,0,0,0,0,0,0,0,0,0,0,0,0
7,0,87,0,0,0,0,0,0,0,0,0,0,0,0,0,0,0,0,0,0,0,0,0,0,0,0,0,0,0,0,0,0,0,0,0,0,692,687,0,679,675,670,0,662,654,0,651,647,646,0,646,644,0,638,644,643,0,646,648,650,0,656,662,671,0,678,692,695,0,1361,0,0,0,0,0,0,0,0,0,0,0,0,0,0,0,0,0,0,0,0,0,0,0,0,0,0,0,0,0,0,0,0,0,0,0,0,0,0,0,0,0,0,0,0,0,0,0,0,0,683,0,676,680,689,0,618,596,0,580,570,0,568,563,559,0,561,562,561,0,559,560,561,0,561,564,577,0,585,595,617,0,623,683,689,692,0,1351,0,0,0,0,0,0,0,0,0,0,0,0,0,0,0,0,0,0,0,0,0,0,0,0,0,0,0,0,0,0,0,0,0,0,0,0,0,0,0,0,0,0,0,0,0,0,0,0,0,0,0,0,0,0,0,0,0,0,665,662,687,657,672,642,653,621,631,631,597,601,588,588,571,572,573,563,567,578,560,641,605,621,638,664,657,659,659,656,664,655,669,669,653,0,0,0,0,0,0,0,0,0,0,0,0,0,0,0,0,0,0,0,0,0,0
7,0,88,0,0,0,0,0,0,0,0,0,0,0,0,0,0,0,0,0,0,0,0,0,0,0,0,0,0,0,0,0,0,0,0,0,0,0,0,687,0,684,680,682,670,669,663,663,652,652,646,645,641,641,638,640,636,639,632,639,638,639,636,644,644,647,0,653,660,670,0,681,691,717,0,709,1371,0,0,0,0,0,0,0,0,0,0,0,0,0,0,0,0,0,0,0,0,0,0,0,0,0,0,0,0,0,0,0,0,0,0,0,0,0,0,0,0,0,0,0,0,0,0,0,670,0,670,674,661,677,596,622,598,569,577,565,0,560,558,555,558,557,557,558,558,560,559,560,560,563,570,567,584,591,601,612,0,655,659,693,0,701,699,717,0,0,0,0,0,0,0,0,0,0,0,0,0,0,0,0,0,0,0,0,0,0,0,0,0,0,0,0,0,0,0,0,0,0,0,0,0,0,0,0,0,0,0,0,0,0,0,0,0,0,0,0,0,0,0,0,0,0,652,640,0,642,658,0,651,623,610,0,599,589,0,581,574,0,567,561,559,0,563,583,642,0,651,659,666,0,681,661,659,665,681,675,0,1228,0,0,0,0,0,0,0,0,0,0,0,0,0,0,0
7,0,89,0,0,0,0,0,0,0,0,0,0,0,0,0,0,0,0,0,0,0,0,0,0,0,0,0,0,0,0,0,0,0,0,0,0,0,0,687,0,684,680,682,670,669,663,663,652,652,646,645,641,641,638,640,636,639,632,639,638,639,636,644,644,647,0,653,660,670,0,681,691,717,0,709,1371,0,0,0,0,0,0,0,0,0,0,0,0,0,0,0,0,0,0,0,0,0,0,0,0,0,0,0,0,0,0,0,0,0,0,0,0,0,0,0,0,0,0,0,0,0,0,0,670,0,670,674,661,677,596,622,598,569,577,565,0,560,558,555,558,557,557,558,558,560,559,560,560,563,570,567,584,591,601,612,0,655,659,693,0,701,699,717,0,0,0,0,0,0,0,0,0,0,0,0,0,0,0,0,0,0,0,0,0,0,0,0,0,0,0,0,0,0,0,0,0,0,0,0,0,0,0,0,0,0,0,0,0,0,0,0,0,0,0,0,0,0,0,0,0,0,0,0,647,645,636,637,634,651,647,644,635,617,620,615,604,593,595,602,579,581,581,564,566,565,564,584,597,618,598,670,647,662,662,665,667,669,686,0,0,0,0,0,0,0,0,0,0,0,0,0,0
7,0,90,0,0,0,0,0,0,0,0,0,0,0,0,0,0,0,0,0,0,0,0,0,0,0,0,0,0,0,0,0,0,0,0,0,0,0,0,0,0,0,0,699,689,681,674,667,663,660,656,650,645,642,641,638,635,636,637,634,632,633,635,634,632,637,637,0,641,645,653,0,663,671,686,0,685,720,0,0,0,0,0,0,0,0,0,0,0,0,0,0,0,0,0,0,0,0,0,0,0,0,0,0,0,0,0,0,0,0,0,0,0,0,0,0,0,0,0,0,0,0,0,0,0,0,0,0,673,669,0,675,689,0,0,592,572,0,565,562,0,556,553,554,0,557,559,559,0,561,561,560,0,566,579,583,0,588,616,626,669,0,690,695,709,0,0,0,0,0,0,0,0,0,0,0,0,0,0,0,0,0,0,0,0,0,0,0,0,0,0,0,0,0,0,0,0,0,0,0,0,0,0,0,0,0,0,0,0,0,0,0,0,0,0,0,0,0,0,0,0,0,0,0,647,645,636,637,634,651,647,644,635,617,620,615,604,593,595,602,579,581,581,564,566,565,564,584,597,618,598,670,647,662,662,665,667,669,686,0,0,0,0,0,0,0,0,0,0,0,0,0,0
7,0,91,0,0,0,0,0,0,0,0,0,0,0,0,0,0,0,0,0,0,0,0,0,0,0,0,0,0,0,0,0,0,0,0,0,0,0,0,0,0,0,0,0,683,0,679,669,0,664,658,650,0,643,641,0,636,635,635,0,634,630,634,0,633,635,636,638,640,644,648,653,661,667,678,686,686,717,732,0,0,0,0,0,0,0,0,0,0,0,0,0,0,0,0,0,0,0,0,0,0,0,0,0,0,0,0,0,0,0,0,0,0,0,0,0,0,0,0,0,0,0,0,0,0,0,0,0,0,667,665,671,676,649,0,595,583,0,564,561,556,0,551,548,549,552,554,556,555,557,558,559,558,561,568,576,579,0,592,615,626,679,685,686,694,715,720,0,0,0,0,0,0,0,0,0,0,0,0,0,0,0,0,0,0,0,0,0,0,0,0,0,0,0,0,0,0,0,0,0,0,0,0,0,0,0,0,0,0,0,0,0,0,0,0,0,0,0,0,0,0,0,0,0,0,0,640,629,626,627,641,642,627,616,606,609,600,596,0,594,594,590,597,588,563,572,556,555,556,567,573,592,611,618,652,651,649,658,660,674,0,0,0,0,0,0,0,0,0,0,0,0,0
7,0,92,0,0,0,0,0,0,0,0,0,0,0,0,0,0,0,0,0,0,0,0,0,0,0,0,0,0,0,0,0,0,0,0,0,0,0,0,0,0,0,0,0,683,0,679,669,0,664,658,650,0,643,641,0,636,635,635,0,634,630,634,0,633,635,636,638,640,644,648,653,661,667,678,686,686,717,732,0,0,0,0,0,0,0,0,0,0,0,0,0,0,0,0,0,0,0,0,0,0,0,0,0,0,0,0,0,0,0,0,0,0,0,0,0,0,0,0,0,0,0,0,0,0,0,0,0,0,667,665,671,676,649,0,595,583,0,564,561,556,0,551,548,549,552,554,556,555,557,558,559,558,561,568,576,579,0,592,615,626,679,685,686,694,715,720,0,0,0,0,0,0,0,0,0,0,0,0,0,0,0,0,0,0,0,0,0,0,0,0,0,0,0,0,0,0,0,0,0,0,0,0,0,0,0,0,0,0,0,0,0,0,0,0,0,0,0,0,0,0,0,0,0,0,640,0,629,621,0,634,640,621,0,610,602,0,594,584,0,575,566,560,0,554,549,0,546,544,550,0,562,585,617,0,643,642,647,0,657,684,0,0,0,0,0,0,0,0,0,0,0,0
7,0,93,0,0,0,0,0,0,0,0,0,0,0,0,0,0,0,0,0,0,0,0,0,0,0,0,0,0,0,0,0,0,0,0,0,0,0,0,0,0,0,0,696,682,678,673,666,661,659,653,648,644,640,638,636,633,633,633,633,627,630,632,633,628,632,634,636,636,639,644,649,658,664,674,683,680,705,739,0,0,0,0,0,0,0,0,0,0,0,0,0,0,0,0,0,0,0,0,0,0,0,0,0,0,0,0,0,0,0,0,0,0,0,0,0,0,0,0,0,0,0,0,0,0,0,0,0,0,663,662,670,669,671,592,0,583,563,0,558,554,548,0,547,549,551,0,552,551,552,553,553,552,556,554,564,572,579,0,608,617,674,681,683,687,705,0,0,0,0,0,0,0,0,0,0,0,0,0,0,0,0,0,0,0,0,0,0,0,0,0,0,0,0,0,0,0,0,0,0,0,0,0,0,0,0,0,0,0,0,0,0,0,0,0,0,0,0,0,0,0,0,0,0,0,640,0,629,621,0,634,640,621,0,610,602,0,594,584,0,575,566,560,0,554,549,0,546,544,550,0,562,585,617,0,643,642,647,0,657,684,0,0,0,0,0,0,0,0,0,0,0,0
7,0,94,0,0,0,0,0,0,0,0,0,0,0,0,0,0,0,0,0,0,0,0,0,0,0,0,0,0,0,0,0,0,0,0,0,0,0,0,0,0,0,0,0,678,673,0,664,659,654,0,647,640,0,636,632,630,0,631,629,624,0,629,628,630,0,631,632,0,636,642,651,0,659,674,682,0,709,736,0,0,0,0,0,0,0,0,0,0,0,0,0,0,0,0,0,0,0,0,0,0,0,0,0,0,0,0,0,0,0,0,0,0,0,0,0,0,0,0,0,0,0,0,0,0,0,0,0,664,0,662,669,677,0,0,582,0,561,556,0,553,547,546,0,547,550,548,0,548,550,551,0,550,552,560,0,569,574,599,0,611,648,679,684,0,697,0,0,0,0,0,0,0,0,0,0,0,0,0,0,0,0,0,0,0,0,0,0,0,0,0,0,0,0,0,0,0,0,0,0,0,0,0,0,0,0,0,0,0,0,0,0,0,0,0,0,0,0,0,0,0,0,0,0,0,0,635,631,624,632,0,628,613,602,604,591,580,0,571,561,0,554,548,540,545,539,539,0,542,551,565,0,585,612,641,0,639,642,650,0,666,0,0,0,0,0,0,0,0,0,0,0,0
7,0,95,0,0,0,0,0,0,0,0,0,0,0,0,0,0,0,0,0,0,0,0,0,0,0,0,0,0,0,0,0,0,0,0,0,0,0,0,0,0,0,0,0,678,673,0,664,659,654,0,647,640,0,636,632,630,0,631,629,624,0,629,628,630,0,631,632,0,636,642,651,0,659,674,682,0,709,736,0,0,0,0,0,0,0,0,0,0,0,0,0,0,0,0,0,0,0,0,0,0,0,0,0,0,0,0,0,0,0,0,0,0,0,0,0,0,0,0,0,0,0,0,0,0,0,0,0,666,661,656,658,672,649,645,585,580,576,557,556,554,553,546,548,547,546,547,545,543,540,544,548,546,547,549,562,562,566,574,605,606,644,670,679,687,694,694,0,0,0,0,0,0,0,0,0,0,0,0,0,0,0,0,0,0,0,0,0,0,0,0,0,0,0,0,0,0,0,0,0,0,0,0,0,0,0,0,0,0,0,0,0,0,0,0,0,0,0,0,0,0,0,0,0,0,0,640,629,0,630,635,625,614,606,595,588,580,571,0,564,558,557,551,548,543,0,540,540,539,546,553,572,584,605,620,637,631,636,635,642,0,642,664,0,0,0,0,0,0,0,0,0,0
7,0,96,0,0,0,0,0,0,0,0,0,0,0,0,0,0,0,0,0,0,0,0,0,0,0,0,0,0,0,0,0,0,0,0,0,0,0,0,0,0,0,0,681,672,673,667,661,661,656,650,645,641,636,632,628,628,627,625,629,623,622,622,627,623,625,624,629,628,631,632,643,645,648,659,678,675,694,712,0,0,0,0,0,0,0,0,0,0,0,0,0,0,0,0,0,0,0,0,0,0,0,0,0,0,0,0,0,0,0,0,0,0,0,0,0,0,0,0,0,0,0,0,0,0,0,0,0,666,661,656,658,672,649,645,585,580,576,557,556,554,553,546,548,547,546,547,545,543,540,544,548,546,547,549,562,562,566,574,605,606,644,670,679,687,694,694,0,0,0,0,0,0,0,0,0,0,0,0,0,0,0,0,0,0,0,0,0,0,0,0,0,0,0,0,0,0,0,0,0,0,0,0,0,0,0,0,0,0,0,0,0,0,0,0,0,0,0,0,0,0,0,0,0,0,0,640,629,0,630,635,625,614,606,595,588,580,571,0,564,558,557,551,548,543,0,540,540,539,546,553,572,584,605,620,637,631,636,635,642,0,642,664,0,0,0,0,0,0,0,0,0,0
7,0,97,0,0,0,0,0,0,0,0,0,0,0,0,0,0,0,0,0,0,0,0,0,0,0,0,0,0,0,0,0,0,0,0,0,0,0,0,0,0,0,0,0,0,0,673,665,659,0,654,649,645,641,637,630,0,624,620,618,0,616,614,613,615,613,613,612,618,614,617,0,619,623,629,0,636,648,656,0,680,695,694,0,1360,0,0,0,0,0,0,0,0,0,0,0,0,0,0,0,0,0,0,0,0,0,0,0,0,0,0,0,0,0,0,0,0,0,0,0,0,0,0,0,0,0,0,0,0,0,0,655,651,652,644,669,629,658,593,565,570,556,547,543,540,538,538,536,531,536,535,535,531,538,541,541,0,543,555,563,0,571,599,609,673,0,673,678,691,0,0,0,0,0,0,0,0,0,0,0,0,0,0,0,0,0,0,0,0,0,0,0,0,0,0,0,0,0,0,0,0,0,0,0,0,0,0,0,0,0,0,0,0,0,0,0,0,0,0,0,0,0,0,0,0,0,0,636,0,625,623,644,0,619,604,0,592,579,571,0,564,558,0,553,548,0,542,536,532,0,532,537,553,0,582,602,633,0,631,630,629,0,633,645,0,0,0,0,0,0,0,0,0
7,0,98,0,0,0,0,0,0,0,0,0,0,0,0,0,0,0,0,0,0,0,0,0,0,0,0,0,0,0,0,0,0,0,0,0,0,0,0,0,0,0,0,0,0,0,0,0,0,0,0,664,654,646,0,638,634,0,629,621,614,0,611,606,0,605,606,604,0,600,606,605,0,604,606,608,0,610,615,0,622,631,645,0,661,659,1351,0,0,0,0,0,0,0,0,0,0,0,0,0,0,0,0,0,0,0,0,0,0,0,0,0,0,0,0,0,0,0,0,0,0,0,0,0,0,0,0,0,0,0,0,0,0,0,0,0,639,0,635,640,649,0,603,564,0,558,540,0,536,536,527,0,526,528,528,530,530,523,530,535,535,543,532,561,560,574,559,620,620,632,613,672,0,668,679,0,0,0,0,0,0,0,0,0,0,0,0,0,0,0,0,0,0,0,0,0,0,0,0,0,0,0,0,0,0,0,0,0,0,0,0,0,0,0,0,0,0,0,0,0,0,0,0,0,0,0,0,0,0,0,622,620,623,613,621,619,620,591,591,587,567,565,556,553,546,542,539,534,530,525,523,521,520,515,534,542,560,560,609,609,618,616,631,638,633,0,1089,1541,0,0,0,0,0
7,0,99,0,0,0,0,0,0,0,0,0,0,0,0,0,0,0,0,0,0,0,0,0,0,0,0,0,0,0,0,0,0,0,0,0,0,0,0,0,0,0,0,0,0,0,0,0,0,0,0,664,654,646,0,638,634,0,629,621,614,0,611,606,0,605,606,604,0,600,606,605,0,604,606,608,0,610,615,0,622,631,645,0,661,659,1351,0,0,0,0,0,0,0,0,0,0,0,0,0,0,0,0,0,0,0,0,0,0,0,0,0,0,0,0,0,0,0,0,0,0,0,0,0,0,0,0,0,0,0,0,0,0,0,0,0,639,0,635,640,649,0,603,564,0,558,540,0,536,536,527,0,526,528,528,530,530,523,530,535,535,543,532,561,560,574,559,620,620,632,613,672,0,668,679,0,0,0,0,0,0,0,0,0,0,0,0,0,0,0,0,0,0,0,0,0,0,0,0,0,0,0,0,0,0,0,0,0,0,0,0,0,0,0,0,0,0,0,0,0,0,0,0,0,0,0,0,0,0,0,0,0,0,0,0,616,610,610,0,614,607,611,598,597,587,0,576,565,565,546,547,546,534,534,528,0,523,520,518,521,525,549,595,531,583,602,1093,0,0,0,0,0,0
